1710872322.3109634,tokenizer,0.31383728981018066,15954,16160,128,0,0,falcon-7b,2,startup,0,32,argonne-swing,40960.0,7977.6875,40960.0,7413.6875
1710872322.6248007,model load,59.573508977890015,3424011,3476443,128,0,0,falcon-7b,2,startup,0,32,argonne-swing,40960.0,7977.6875,40960.0,7413.6875
1710872382.1983097,pipeline load,0.0057795047760009766,0,0,128,0,0,falcon-7b,2,startup,0,32,argonne-swing,40960.0,7977.6875,40960.0,7413.6875
1710872382.2305655,start-inference-A-0,7.464346408843994,569255,566479,128,7,0,falcon-7b,2,What is the capital of France?,135,32,argonne-swing,40960.0,8095.6875,40960.0,7525.6875
1710872389.7075865,start-inference-1-1,4.046383857727051,378709,363798,128,7,1,falcon-7b,2,What is the capital of France?,135,32,argonne-swing,40960.0,8095.6875,40960.0,7527.6875
1710872393.7659478,start-inference-1-2,4.046352863311768,370213,373497,128,7,2,falcon-7b,2,What is the capital of France?,135,32,argonne-swing,40960.0,8095.6875,40960.0,7527.6875
1710872397.823609,start-inference-1-3,4.0527098178863525,370072,363912,128,7,3,falcon-7b,2,What is the capital of France?,135,32,argonne-swing,40960.0,8095.6875,40960.0,7527.6875
1710872401.88823,start-inference-1-4,4.049559831619263,380313,364380,128,7,4,falcon-7b,2,What is the capital of France?,135,32,argonne-swing,40960.0,8095.6875,40960.0,7527.6875
1710872405.9498,start-inference-B-0,1.1813035011291504,110266,108526,128,18,0,falcon-7b,2,Can you explain the difference between a simile and a metaphor? Provide an example of each.,54,32,argonne-swing,40960.0,8095.6875,40960.0,7529.6875
1710872407.141484,start-inference-1-1,4.092977046966553,369523,374450,128,18,1,falcon-7b,2,Can you explain the difference between a simile and a metaphor? Provide an example of each.,146,32,argonne-swing,40960.0,8095.6875,40960.0,7529.6875
1710872411.247811,start-inference-1-2,4.112850189208984,380140,373269,128,18,2,falcon-7b,2,Can you explain the difference between a simile and a metaphor? Provide an example of each.,146,32,argonne-swing,40960.0,8095.6875,40960.0,7529.6875
1710872415.3726313,start-inference-1-3,3.510528326034546,325683,319730,128,18,3,falcon-7b,2,Can you explain the difference between a simile and a metaphor? Provide an example of each.,128,32,argonne-swing,40960.0,8095.6875,40960.0,7529.6875
1710872418.896106,start-inference-1-4,4.047985553741455,382524,366660,128,18,4,falcon-7b,2,Can you explain the difference between a simile and a metaphor? Provide an example of each.,146,32,argonne-swing,40960.0,8095.6875,40960.0,7529.6875
1710872422.9571538,start-inference-C-0,4.10378360748291,383931,366133,128,26,0,falcon-7b,2,"What are some effective strategies for managing stress and maintaining good mental health during challenging times, such as a pandemic or a personal crisis?",154,32,argonne-swing,40960.0,8097.6875,40960.0,7529.6875
1710872427.0742202,start-inference-1-1,4.049596786499023,374950,368155,128,26,1,falcon-7b,2,"What are some effective strategies for managing stress and maintaining good mental health during challenging times, such as a pandemic or a personal crisis?",154,32,argonne-swing,40960.0,8097.6875,40960.0,7529.6875
1710872431.1370106,start-inference-1-2,4.049721956253052,383528,368246,128,26,2,falcon-7b,2,"What are some effective strategies for managing stress and maintaining good mental health during challenging times, such as a pandemic or a personal crisis?",154,32,argonne-swing,40960.0,8097.6875,40960.0,7529.6875
1710872435.2006052,start-inference-1-3,4.048926830291748,375742,377169,128,26,3,falcon-7b,2,"What are some effective strategies for managing stress and maintaining good mental health during challenging times, such as a pandemic or a personal crisis?",154,32,argonne-swing,40960.0,8097.6875,40960.0,7529.6875
1710872439.2609546,start-inference-1-4,4.0511155128479,375438,367913,128,26,4,falcon-7b,2,"What are some effective strategies for managing stress and maintaining good mental health during challenging times, such as a pandemic or a personal crisis?",154,32,argonne-swing,40960.0,8097.6875,40960.0,7529.6875
1710872443.3340402,start-inference-D-0,4.2290732860565186,392341,385211,128,54,0,falcon-7b,2,"Imagine you are a travel guide. Can you recommend a 7-day itinerary for a trip to Japan, including must-visit destinations, cultural experiences, and local cuisine? Provide a brief description of each day's activities and how they showcase the best of Japan.",182,32,argonne-swing,40960.0,8097.6875,40960.0,7529.6875
1710872447.5736418,start-inference-1-1,4.051411390304565,377300,380600,128,54,1,falcon-7b,2,"Imagine you are a travel guide. Can you recommend a 7-day itinerary for a trip to Japan, including must-visit destinations, cultural experiences, and local cuisine? Provide a brief description of each day's activities and how they showcase the best of Japan.",182,32,argonne-swing,40960.0,8097.6875,40960.0,7529.6875
1710872451.6351454,start-inference-1-2,0.1331005096435547,9191,9016,128,54,2,falcon-7b,2,"Imagine you are a travel guide. Can you recommend a 7-day itinerary for a trip to Japan, including must-visit destinations, cultural experiences, and local cuisine? Provide a brief description of each day's activities and how they showcase the best of Japan.",57,32,argonne-swing,40960.0,8097.6875,40960.0,7529.6875
1710872451.77903,start-inference-1-3,1.5848753452301025,149443,147110,128,54,3,falcon-7b,2,"Imagine you are a travel guide. Can you recommend a 7-day itinerary for a trip to Japan, including must-visit destinations, cultural experiences, and local cuisine? Provide a brief description of each day's activities and how they showcase the best of Japan.",103,32,argonne-swing,40960.0,8097.6875,40960.0,7529.6875
1710872453.3758416,start-inference-1-4,4.044652938842773,385948,372037,128,54,4,falcon-7b,2,"Imagine you are a travel guide. Can you recommend a 7-day itinerary for a trip to Japan, including must-visit destinations, cultural experiences, and local cuisine? Provide a brief description of each day's activities and how they showcase the best of Japan.",182,32,argonne-swing,40960.0,8097.6875,40960.0,7529.6875
1710872457.4311957,start-inference-E-0,1.2973401546478271,121462,119241,128,71,0,falcon-7b,2,"As an AI language model, you have the ability to process and generate human-like text. Can you discuss the potential implications of advanced AI systems like yourself on various industries, such as healthcare, education, and creative fields? Consider the benefits, challenges, and ethical considerations surrounding the integration of AI in these sectors. Provide specific examples to support your analysis.",110,32,argonne-swing,40960.0,8101.6875,40960.0,7531.6875
1710872458.7416794,start-inference-1-1,1.1121129989624023,103275,101605,128,71,1,falcon-7b,2,"As an AI language model, you have the ability to process and generate human-like text. Can you discuss the potential implications of advanced AI systems like yourself on various industries, such as healthcare, education, and creative fields? Consider the benefits, challenges, and ethical considerations surrounding the integration of AI in these sectors. Provide specific examples to support your analysis.",105,32,argonne-swing,40960.0,8101.6875,40960.0,7531.6875
1710872459.8666227,start-inference-1-2,4.131114482879639,385525,381530,128,71,2,falcon-7b,2,"As an AI language model, you have the ability to process and generate human-like text. Can you discuss the potential implications of advanced AI systems like yourself on various industries, such as healthcare, education, and creative fields? Consider the benefits, challenges, and ethical considerations surrounding the integration of AI in these sectors. Provide specific examples to support your analysis.",199,32,argonne-swing,40960.0,8101.6875,40960.0,7531.6875
1710872464.0119545,start-inference-1-3,1.240384578704834,112441,111015,128,71,3,falcon-7b,2,"As an AI language model, you have the ability to process and generate human-like text. Can you discuss the potential implications of advanced AI systems like yourself on various industries, such as healthcare, education, and creative fields? Consider the benefits, challenges, and ethical considerations surrounding the integration of AI in these sectors. Provide specific examples to support your analysis.",109,32,argonne-swing,40960.0,8101.6875,40960.0,7531.6875
1710872465.2659452,start-inference-1-4,1.6525664329528809,150162,156954,128,71,4,falcon-7b,2,"As an AI language model, you have the ability to process and generate human-like text. Can you discuss the potential implications of advanced AI systems like yourself on various industries, such as healthcare, education, and creative fields? Consider the benefits, challenges, and ethical considerations surrounding the integration of AI in these sectors. Provide specific examples to support your analysis.",122,32,argonne-swing,40960.0,8101.6875,40960.0,7531.6875
1710872488.2481592,tokenizer,0.3561580181121826,21383,16211,256,0,0,falcon-7b,2,startup,0,32,argonne-swing,40960.0,7977.6875,40960.0,7413.6875
1710872488.6043172,model load,56.43928575515747,3265991,3319664,256,0,0,falcon-7b,2,startup,0,32,argonne-swing,40960.0,7977.6875,40960.0,7413.6875
1710872545.043603,pipeline load,0.009415149688720703,0,0,256,0,0,falcon-7b,2,startup,0,32,argonne-swing,40960.0,7977.6875,40960.0,7413.6875
1710872545.0659595,start-inference-A-0,10.594580888748169,911030,892967,256,7,0,falcon-7b,2,What is the capital of France?,263,32,argonne-swing,40960.0,8099.6875,40960.0,7527.6875
1710872555.6718833,start-inference-1-1,8.062093734741211,753085,743356,256,7,1,falcon-7b,2,What is the capital of France?,263,32,argonne-swing,40960.0,8099.6875,40960.0,7527.6875
1710872563.7473977,start-inference-1-2,8.0648512840271,753989,743707,256,7,2,falcon-7b,2,What is the capital of France?,263,32,argonne-swing,40960.0,8099.6875,40960.0,7527.6875
1710872571.8251023,start-inference-1-3,8.12776780128479,762882,751586,256,7,3,falcon-7b,2,What is the capital of France?,263,32,argonne-swing,40960.0,8099.6875,40960.0,7527.6875
1710872579.9652448,start-inference-1-4,8.061660289764404,753752,744320,256,7,4,falcon-7b,2,What is the capital of France?,263,32,argonne-swing,40960.0,8099.6875,40960.0,7527.6875
1710872588.0392878,start-inference-B-0,3.184522867202759,289908,293653,256,18,0,falcon-7b,2,Can you explain the difference between a simile and a metaphor? Provide an example of each.,118,32,argonne-swing,40960.0,8099.6875,40960.0,7529.6875
1710872591.239133,start-inference-1-1,8.117432832717896,765044,754843,256,18,1,falcon-7b,2,Can you explain the difference between a simile and a metaphor? Provide an example of each.,274,32,argonne-swing,40960.0,8099.6875,40960.0,7529.6875
1710872599.3714814,start-inference-1-2,8.142643928527832,767127,755015,256,18,2,falcon-7b,2,Can you explain the difference between a simile and a metaphor? Provide an example of each.,274,32,argonne-swing,40960.0,8099.6875,40960.0,7529.6875
1710872607.5252385,start-inference-1-3,8.063246250152588,766454,748918,256,18,3,falcon-7b,2,Can you explain the difference between a simile and a metaphor? Provide an example of each.,274,32,argonne-swing,40960.0,8099.6875,40960.0,7529.6875
1710872615.5988793,start-inference-1-4,8.055602312088013,760175,748824,256,18,4,falcon-7b,2,Can you explain the difference between a simile and a metaphor? Provide an example of each.,274,32,argonne-swing,40960.0,8099.6875,40960.0,7529.6875
1710872623.6646838,start-inference-C-0,8.101692199707031,759607,749923,256,26,0,falcon-7b,2,"What are some effective strategies for managing stress and maintaining good mental health during challenging times, such as a pandemic or a personal crisis?",282,32,argonne-swing,40960.0,8099.6875,40960.0,7531.6875
1710872631.7786689,start-inference-1-1,8.11290979385376,759586,750385,256,26,1,falcon-7b,2,"What are some effective strategies for managing stress and maintaining good mental health during challenging times, such as a pandemic or a personal crisis?",282,32,argonne-swing,40960.0,8099.6875,40960.0,7531.6875
1710872639.9057715,start-inference-1-2,8.05402159690857,760998,751684,256,26,2,falcon-7b,2,"What are some effective strategies for managing stress and maintaining good mental health during challenging times, such as a pandemic or a personal crisis?",282,32,argonne-swing,40960.0,8099.6875,40960.0,7531.6875
1710872647.9725323,start-inference-1-3,8.04075574874878,762022,751866,256,26,3,falcon-7b,2,"What are some effective strategies for managing stress and maintaining good mental health during challenging times, such as a pandemic or a personal crisis?",282,32,argonne-swing,40960.0,8099.6875,40960.0,7531.6875
1710872656.0275583,start-inference-1-4,8.05522108078003,761463,751293,256,26,4,falcon-7b,2,"What are some effective strategies for managing stress and maintaining good mental health during challenging times, such as a pandemic or a personal crisis?",282,32,argonne-swing,40960.0,8099.6875,40960.0,7531.6875
1710872664.0954776,start-inference-D-0,8.237017631530762,778483,770464,256,54,0,falcon-7b,2,"Imagine you are a travel guide. Can you recommend a 7-day itinerary for a trip to Japan, including must-visit destinations, cultural experiences, and local cuisine? Provide a brief description of each day's activities and how they showcase the best of Japan.",310,32,argonne-swing,40960.0,8099.6875,40960.0,7531.6875
1710872672.3445034,start-inference-1-1,2.0801563262939453,198508,194708,256,54,1,falcon-7b,2,"Imagine you are a travel guide. Can you recommend a 7-day itinerary for a trip to Japan, including must-visit destinations, cultural experiences, and local cuisine? Provide a brief description of each day's activities and how they showcase the best of Japan.",119,32,argonne-swing,40960.0,8099.6875,40960.0,7531.6875
1710872674.4343088,start-inference-1-2,8.043629169464111,763906,757331,256,54,2,falcon-7b,2,"Imagine you are a travel guide. Can you recommend a 7-day itinerary for a trip to Japan, including must-visit destinations, cultural experiences, and local cuisine? Provide a brief description of each day's activities and how they showcase the best of Japan.",310,32,argonne-swing,40960.0,8099.6875,40960.0,7531.6875
1710872682.4897635,start-inference-1-3,0.5102794170379639,46916,45861,256,54,3,falcon-7b,2,"Imagine you are a travel guide. Can you recommend a 7-day itinerary for a trip to Japan, including must-visit destinations, cultural experiences, and local cuisine? Provide a brief description of each day's activities and how they showcase the best of Japan.",69,32,argonne-swing,40960.0,8099.6875,40960.0,7531.6875
1710872683.0130277,start-inference-1-4,7.999247312545776,808383,792080,256,54,4,falcon-7b,2,"Imagine you are a travel guide. Can you recommend a 7-day itinerary for a trip to Japan, including must-visit destinations, cultural experiences, and local cuisine? Provide a brief description of each day's activities and how they showcase the best of Japan.",310,32,argonne-swing,40960.0,8099.6875,40960.0,7531.6875
1710872691.0248728,start-inference-E-0,2.934497356414795,275334,270806,256,71,0,falcon-7b,2,"As an AI language model, you have the ability to process and generate human-like text. Can you discuss the potential implications of advanced AI systems like yourself on various industries, such as healthcare, education, and creative fields? Consider the benefits, challenges, and ethical considerations surrounding the integration of AI in these sectors. Provide specific examples to support your analysis.",163,32,argonne-swing,40960.0,8101.6875,40960.0,7533.6875
1710872693.9727886,start-inference-1-1,4.625734567642212,437648,432587,256,71,1,falcon-7b,2,"As an AI language model, you have the ability to process and generate human-like text. Can you discuss the potential implications of advanced AI systems like yourself on various industries, such as healthcare, education, and creative fields? Consider the benefits, challenges, and ethical considerations surrounding the integration of AI in these sectors. Provide specific examples to support your analysis.",217,32,argonne-swing,40960.0,8101.6875,40960.0,7533.6875
1710872698.609121,start-inference-1-2,2.96807599067688,285291,280660,256,71,2,falcon-7b,2,"As an AI language model, you have the ability to process and generate human-like text. Can you discuss the potential implications of advanced AI systems like yourself on various industries, such as healthcare, education, and creative fields? Consider the benefits, challenges, and ethical considerations surrounding the integration of AI in these sectors. Provide specific examples to support your analysis.",164,32,argonne-swing,40960.0,8101.6875,40960.0,7533.6875
1710872701.59374,start-inference-1-3,0.04238533973693848,0,0,256,71,3,falcon-7b,2,"As an AI language model, you have the ability to process and generate human-like text. Can you discuss the potential implications of advanced AI systems like yourself on various industries, such as healthcare, education, and creative fields? Consider the benefits, challenges, and ethical considerations surrounding the integration of AI in these sectors. Provide specific examples to support your analysis.",71,32,argonne-swing,40960.0,8101.6875,40960.0,7533.6875
1710872701.645406,start-inference-1-4,3.814544916152954,359987,354951,256,71,4,falcon-7b,2,"As an AI language model, you have the ability to process and generate human-like text. Can you discuss the potential implications of advanced AI systems like yourself on various industries, such as healthcare, education, and creative fields? Consider the benefits, challenges, and ethical considerations surrounding the integration of AI in these sectors. Provide specific examples to support your analysis.",189,32,argonne-swing,40960.0,8101.6875,40960.0,7533.6875
1710872729.241497,tokenizer,0.26233959197998047,16131,10790,512,0,0,falcon-7b,2,startup,0,32,argonne-swing,40960.0,7977.6875,40960.0,7413.6875
1710872729.5038366,model load,58.0809109210968,3376370,3425776,512,0,0,falcon-7b,2,startup,0,32,argonne-swing,40960.0,7977.6875,40960.0,7413.6875
1710872787.5847476,pipeline load,0.007668256759643555,0,0,512,0,0,falcon-7b,2,startup,0,32,argonne-swing,40960.0,7977.6875,40960.0,7413.6875
1710872787.614872,start-inference-A-0,20.034739017486572,1767146,1754536,512,7,0,falcon-7b,2,What is the capital of France?,519,32,argonne-swing,40960.0,8105.6875,40960.0,7531.6875
1710872807.6632125,start-inference-1-1,16.27723002433777,1540333,1517997,512,7,1,falcon-7b,2,What is the capital of France?,519,32,argonne-swing,40960.0,8105.6875,40960.0,7531.6875
1710872823.9556537,start-inference-1-2,16.35019612312317,1547273,1525594,512,7,2,falcon-7b,2,What is the capital of France?,519,32,argonne-swing,40960.0,8105.6875,40960.0,7531.6875
1710872840.323813,start-inference-1-3,16.262319087982178,1543751,1530786,512,7,3,falcon-7b,2,What is the capital of France?,519,32,argonne-swing,40960.0,8105.6875,40960.0,7531.6875
1710872856.5997567,start-inference-1-4,16.324341297149658,1541128,1530421,512,7,4,falcon-7b,2,What is the capital of France?,519,32,argonne-swing,40960.0,8105.6875,40960.0,7531.6875
1710872872.9383614,start-inference-B-0,16.322922945022583,1556036,1533091,512,18,0,falcon-7b,2,Can you explain the difference between a simile and a metaphor? Provide an example of each.,530,32,argonne-swing,40960.0,8105.6875,40960.0,7531.6875
1710872889.2756665,start-inference-1-1,16.326119899749756,1546145,1534951,512,18,1,falcon-7b,2,Can you explain the difference between a simile and a metaphor? Provide an example of each.,530,32,argonne-swing,40960.0,8105.6875,40960.0,7531.6875
1710872905.614669,start-inference-1-2,13.066166639328003,1240473,1219574,512,18,2,falcon-7b,2,Can you explain the difference between a simile and a metaphor? Provide an example of each.,428,32,argonne-swing,40960.0,8105.6875,40960.0,7531.6875
1710872918.6933181,start-inference-1-3,16.311792850494385,1548743,1536825,512,18,3,falcon-7b,2,Can you explain the difference between a simile and a metaphor? Provide an example of each.,530,32,argonne-swing,40960.0,8105.6875,40960.0,7531.6875
1710872935.019361,start-inference-1-4,4.795583963394165,442898,443965,512,18,4,falcon-7b,2,Can you explain the difference between a simile and a metaphor? Provide an example of each.,168,32,argonne-swing,40960.0,8105.6875,40960.0,7531.6875
1710872939.8247933,start-inference-C-0,16.30493187904358,1551274,1537995,512,26,0,falcon-7b,2,"What are some effective strategies for managing stress and maintaining good mental health during challenging times, such as a pandemic or a personal crisis?",538,32,argonne-swing,40960.0,8105.6875,40960.0,7531.6875
1710872956.1430354,start-inference-1-1,16.340314865112305,1550727,1536859,512,26,1,falcon-7b,2,"What are some effective strategies for managing stress and maintaining good mental health during challenging times, such as a pandemic or a personal crisis?",538,32,argonne-swing,40960.0,8105.6875,40960.0,7531.6875
1710872972.495016,start-inference-1-2,16.244810819625854,1553332,1530978,512,26,2,falcon-7b,2,"What are some effective strategies for managing stress and maintaining good mental health during challenging times, such as a pandemic or a personal crisis?",538,32,argonne-swing,40960.0,8105.6875,40960.0,7531.6875
1710872988.7527418,start-inference-1-3,16.332029104232788,1551483,1546927,512,26,3,falcon-7b,2,"What are some effective strategies for managing stress and maintaining good mental health during challenging times, such as a pandemic or a personal crisis?",538,32,argonne-swing,40960.0,8105.6875,40960.0,7531.6875
1710873005.1001363,start-inference-1-4,16.254422426223755,1553820,1529900,512,26,4,falcon-7b,2,"What are some effective strategies for managing stress and maintaining good mental health during challenging times, such as a pandemic or a personal crisis?",538,32,argonne-swing,40960.0,8105.6875,40960.0,7531.6875
1710873021.3698225,start-inference-D-0,16.45930767059326,1568789,1549129,512,54,0,falcon-7b,2,"Imagine you are a travel guide. Can you recommend a 7-day itinerary for a trip to Japan, including must-visit destinations, cultural experiences, and local cuisine? Provide a brief description of each day's activities and how they showcase the best of Japan.",566,32,argonne-swing,40960.0,8105.6875,40960.0,7533.6875
1710873037.8425355,start-inference-1-1,16.34651279449463,1554374,1553118,512,54,1,falcon-7b,2,"Imagine you are a travel guide. Can you recommend a 7-day itinerary for a trip to Japan, including must-visit destinations, cultural experiences, and local cuisine? Provide a brief description of each day's activities and how they showcase the best of Japan.",566,32,argonne-swing,40960.0,8105.6875,40960.0,7533.6875
1710873054.200665,start-inference-1-2,0.7358086109161377,65703,64235,512,54,2,falcon-7b,2,"Imagine you are a travel guide. Can you recommend a 7-day itinerary for a trip to Japan, including must-visit destinations, cultural experiences, and local cuisine? Provide a brief description of each day's activities and how they showcase the best of Japan.",76,32,argonne-swing,40960.0,8105.6875,40960.0,7533.6875
1710873054.9491115,start-inference-1-3,1.6543161869049072,150645,156749,512,54,3,falcon-7b,2,"Imagine you are a travel guide. Can you recommend a 7-day itinerary for a trip to Japan, including must-visit destinations, cultural experiences, and local cuisine? Provide a brief description of each day's activities and how they showcase the best of Japan.",105,32,argonne-swing,40960.0,8105.6875,40960.0,7533.6875
1710873056.6132812,start-inference-1-4,16.281412601470947,1545159,1543901,512,54,4,falcon-7b,2,"Imagine you are a travel guide. Can you recommend a 7-day itinerary for a trip to Japan, including must-visit destinations, cultural experiences, and local cuisine? Provide a brief description of each day's activities and how they showcase the best of Japan.",566,32,argonne-swing,40960.0,8105.6875,40960.0,7533.6875
1710873072.9102643,start-inference-E-0,7.215472936630249,677609,680112,512,71,0,falcon-7b,2,"As an AI language model, you have the ability to process and generate human-like text. Can you discuss the potential implications of advanced AI systems like yourself on various industries, such as healthcare, education, and creative fields? Consider the benefits, challenges, and ethical considerations surrounding the integration of AI in these sectors. Provide specific examples to support your analysis.",297,32,argonne-swing,40960.0,8105.6875,40960.0,7535.6875
1710873080.1374803,start-inference-1-1,0.04390287399291992,9186,0,512,71,1,falcon-7b,2,"As an AI language model, you have the ability to process and generate human-like text. Can you discuss the potential implications of advanced AI systems like yourself on various industries, such as healthcare, education, and creative fields? Consider the benefits, challenges, and ethical considerations surrounding the integration of AI in these sectors. Provide specific examples to support your analysis.",71,32,argonne-swing,40960.0,8105.6875,40960.0,7535.6875
1710873080.1917725,start-inference-1-2,0.04092717170715332,0,9396,512,71,2,falcon-7b,2,"As an AI language model, you have the ability to process and generate human-like text. Can you discuss the potential implications of advanced AI systems like yourself on various industries, such as healthcare, education, and creative fields? Consider the benefits, challenges, and ethical considerations surrounding the integration of AI in these sectors. Provide specific examples to support your analysis.",71,32,argonne-swing,40960.0,8105.6875,40960.0,7535.6875
1710873080.2417924,start-inference-1-3,1.911203384399414,179684,176963,512,71,3,falcon-7b,2,"As an AI language model, you have the ability to process and generate human-like text. Can you discuss the potential implications of advanced AI systems like yourself on various industries, such as healthcare, education, and creative fields? Consider the benefits, challenges, and ethical considerations surrounding the integration of AI in these sectors. Provide specific examples to support your analysis.",130,32,argonne-swing,40960.0,8105.6875,40960.0,7535.6875
1710873082.1629593,start-inference-1-4,7.493417978286743,703964,707280,512,71,4,falcon-7b,2,"As an AI language model, you have the ability to process and generate human-like text. Can you discuss the potential implications of advanced AI systems like yourself on various industries, such as healthcare, education, and creative fields? Consider the benefits, challenges, and ethical considerations surrounding the integration of AI in these sectors. Provide specific examples to support your analysis.",304,32,argonne-swing,40960.0,8105.6875,40960.0,7535.6875
1710873113.4438572,tokenizer,0.25865745544433594,16159,16249,1024,0,0,falcon-7b,2,startup,0,32,argonne-swing,40960.0,7977.6875,40960.0,7413.6875
1710873113.7025146,model load,61.271899700164795,3561000,3610657,1024,0,0,falcon-7b,2,startup,0,32,argonne-swing,40960.0,7977.6875,40960.0,7413.6875
1710873174.9744143,pipeline load,0.009422779083251953,0,0,1024,0,0,falcon-7b,2,startup,0,32,argonne-swing,40960.0,7977.6875,40960.0,7413.6875
1710873175.0146916,start-inference-A-0,38.66820740699768,3480474,3468857,1024,7,0,falcon-7b,2,What is the capital of France?,1031,32,argonne-swing,40960.0,8117.6875,40960.0,7537.6875
1710873213.6998205,start-inference-1-1,32.69712018966675,3126788,3110704,1024,7,1,falcon-7b,2,What is the capital of France?,1031,32,argonne-swing,40960.0,8117.6875,40960.0,7537.6875
1710873246.4125435,start-inference-1-2,32.61879301071167,3115835,3098642,1024,7,2,falcon-7b,2,What is the capital of France?,1031,32,argonne-swing,40960.0,8117.6875,40960.0,7537.6875
1710873279.0480394,start-inference-1-3,32.661946535110474,3131259,3111150,1024,7,3,falcon-7b,2,What is the capital of France?,1031,32,argonne-swing,40960.0,8117.6875,40960.0,7537.6875
1710873311.7259984,start-inference-1-4,32.5974395275116,3131265,3102516,1024,7,4,falcon-7b,2,What is the capital of France?,1031,32,argonne-swing,40960.0,8117.6875,40960.0,7537.6875
1710873344.3390257,start-inference-B-0,15.861639499664307,1510746,1489428,1024,18,0,falcon-7b,2,Can you explain the difference between a simile and a metaphor? Provide an example of each.,516,32,argonne-swing,40960.0,8117.6875,40960.0,7537.6875
1710873360.216174,start-inference-1-1,5.4591381549835205,509613,500338,1024,18,1,falcon-7b,2,Can you explain the difference between a simile and a metaphor? Provide an example of each.,189,32,argonne-swing,40960.0,8117.6875,40960.0,7537.6875
1710873365.6871922,start-inference-1-2,32.678157329559326,3134761,3115454,1024,18,2,falcon-7b,2,Can you explain the difference between a simile and a metaphor? Provide an example of each.,1042,32,argonne-swing,40960.0,8119.6875,40960.0,7537.6875
1710873398.3798661,start-inference-1-3,32.49189019203186,3124566,3104641,1024,18,3,falcon-7b,2,Can you explain the difference between a simile and a metaphor? Provide an example of each.,1042,32,argonne-swing,40960.0,8119.6875,40960.0,7537.6875
1710873430.886988,start-inference-1-4,8.949065208435059,846690,835069,1024,18,4,falcon-7b,2,Can you explain the difference between a simile and a metaphor? Provide an example of each.,298,32,argonne-swing,40960.0,8119.6875,40960.0,7537.6875
1710873439.8493555,start-inference-C-0,32.47319221496582,3116341,3110544,1024,26,0,falcon-7b,2,"What are some effective strategies for managing stress and maintaining good mental health during challenging times, such as a pandemic or a personal crisis?",1050,32,argonne-swing,40960.0,8119.6875,40960.0,7537.6875
1710873472.3378363,start-inference-1-1,32.509997844696045,3121167,3116257,1024,26,1,falcon-7b,2,"What are some effective strategies for managing stress and maintaining good mental health during challenging times, such as a pandemic or a personal crisis?",1050,32,argonne-swing,40960.0,8119.6875,40960.0,7537.6875
1710873504.8634238,start-inference-1-2,1.7418677806854248,159155,155517,1024,26,2,falcon-7b,2,"What are some effective strategies for managing stress and maintaining good mental health during challenging times, such as a pandemic or a personal crisis?",80,32,argonne-swing,40960.0,8119.6875,40960.0,7537.6875
1710873506.618513,start-inference-1-3,15.28735899925232,1465452,1447467,1024,26,3,falcon-7b,2,"What are some effective strategies for managing stress and maintaining good mental health during challenging times, such as a pandemic or a personal crisis?",508,32,argonne-swing,40960.0,8119.6875,40960.0,7537.6875
1710873521.9206672,start-inference-1-4,32.44910287857056,3113326,3102093,1024,26,4,falcon-7b,2,"What are some effective strategies for managing stress and maintaining good mental health during challenging times, such as a pandemic or a personal crisis?",1050,32,argonne-swing,40960.0,8119.6875,40960.0,7537.6875
1710873554.3844502,start-inference-D-0,19.267055988311768,1849337,1837015,1024,54,0,falcon-7b,2,"Imagine you are a travel guide. Can you recommend a 7-day itinerary for a trip to Japan, including must-visit destinations, cultural experiences, and local cuisine? Provide a brief description of each day's activities and how they showcase the best of Japan.",659,32,argonne-swing,40960.0,8119.6875,40960.0,7537.6875
1710873573.6661167,start-inference-1-1,32.60883069038391,3131791,3119144,1024,54,1,falcon-7b,2,"Imagine you are a travel guide. Can you recommend a 7-day itinerary for a trip to Japan, including must-visit destinations, cultural experiences, and local cuisine? Provide a brief description of each day's activities and how they showcase the best of Japan.",1078,32,argonne-swing,40960.0,8119.6875,40960.0,7537.6875
1710873606.2934825,start-inference-1-2,32.52931547164917,3128838,3113163,1024,54,2,falcon-7b,2,"Imagine you are a travel guide. Can you recommend a 7-day itinerary for a trip to Japan, including must-visit destinations, cultural experiences, and local cuisine? Provide a brief description of each day's activities and how they showcase the best of Japan.",1078,32,argonne-swing,40960.0,8119.6875,40960.0,7537.6875
1710873638.8369715,start-inference-1-3,4.996851921081543,477526,468953,1024,54,3,falcon-7b,2,"Imagine you are a travel guide. Can you recommend a 7-day itinerary for a trip to Japan, including must-visit destinations, cultural experiences, and local cuisine? Provide a brief description of each day's activities and how they showcase the best of Japan.",211,32,argonne-swing,40960.0,8119.6875,40960.0,7537.6875
1710873643.8458617,start-inference-1-4,32.55203580856323,3137969,3121704,1024,54,4,falcon-7b,2,"Imagine you are a travel guide. Can you recommend a 7-day itinerary for a trip to Japan, including must-visit destinations, cultural experiences, and local cuisine? Provide a brief description of each day's activities and how they showcase the best of Japan.",1078,32,argonne-swing,40960.0,8119.6875,40960.0,7537.6875
1710873676.4169185,start-inference-E-0,1.5628993511199951,150615,148525,1024,71,0,falcon-7b,2,"As an AI language model, you have the ability to process and generate human-like text. Can you discuss the potential implications of advanced AI systems like yourself on various industries, such as healthcare, education, and creative fields? Consider the benefits, challenges, and ethical considerations surrounding the integration of AI in these sectors. Provide specific examples to support your analysis.",119,32,argonne-swing,40960.0,8119.6875,40960.0,7539.6875
1710873677.990097,start-inference-1-1,1.11568021774292,103510,101869,1024,71,1,falcon-7b,2,"As an AI language model, you have the ability to process and generate human-like text. Can you discuss the potential implications of advanced AI systems like yourself on various industries, such as healthcare, education, and creative fields? Consider the benefits, challenges, and ethical considerations surrounding the integration of AI in these sectors. Provide specific examples to support your analysis.",105,32,argonne-swing,40960.0,8119.6875,40960.0,7539.6875
1710873679.1187723,start-inference-1-2,2.6645452976226807,247471,242699,1024,71,2,falcon-7b,2,"As an AI language model, you have the ability to process and generate human-like text. Can you discuss the potential implications of advanced AI systems like yourself on various industries, such as healthcare, education, and creative fields? Consider the benefits, challenges, and ethical considerations surrounding the integration of AI in these sectors. Provide specific examples to support your analysis.",154,32,argonne-swing,40960.0,8119.6875,40960.0,7539.6875
1710873681.793178,start-inference-1-3,1.4297659397125244,143202,139448,1024,71,3,falcon-7b,2,"As an AI language model, you have the ability to process and generate human-like text. Can you discuss the potential implications of advanced AI systems like yourself on various industries, such as healthcare, education, and creative fields? Consider the benefits, challenges, and ethical considerations surrounding the integration of AI in these sectors. Provide specific examples to support your analysis.",115,32,argonne-swing,40960.0,8119.6875,40960.0,7539.6875
1710873683.235861,start-inference-1-4,0.04099321365356445,0,0,1024,71,4,falcon-7b,2,"As an AI language model, you have the ability to process and generate human-like text. Can you discuss the potential implications of advanced AI systems like yourself on various industries, such as healthcare, education, and creative fields? Consider the benefits, challenges, and ethical considerations surrounding the integration of AI in these sectors. Provide specific examples to support your analysis.",71,32,argonne-swing,40960.0,8119.6875,40960.0,7539.6875
1710873709.111982,tokenizer,0.3570833206176758,21531,21649,2048,0,0,falcon-7b,2,startup,0,32,argonne-swing,40960.0,7977.6875,40960.0,7413.6875
1710873709.4690654,model load,61.06548619270325,3549736,3599189,2048,0,0,falcon-7b,2,startup,0,32,argonne-swing,40960.0,7977.6875,40960.0,7413.6875
1710873770.5345516,pipeline load,0.009288787841796875,0,0,2048,0,0,falcon-7b,2,startup,0,32,argonne-swing,40960.0,7977.6875,40960.0,7413.6875
1710873770.5743253,start-inference-A-0,24.36908721923828,2180086,2166934,2048,7,0,falcon-7b,2,What is the capital of France?,643,32,argonne-swing,40960.0,8107.6875,40960.0,7533.6875
1710873794.9592583,start-inference-1-1,11.497941732406616,1081259,1069498,2048,7,1,falcon-7b,2,What is the capital of France?,369,32,argonne-swing,40960.0,8107.6875,40960.0,7533.6875
1710873806.471992,start-inference-1-2,71.76886010169983,6705340,6687355,2048,7,2,falcon-7b,2,What is the capital of France?,2055,32,argonne-swing,40960.0,8147.6875,40960.0,7551.6875
1710873878.2597623,start-inference-1-3,65.06229829788208,6282863,6268979,2048,7,3,falcon-7b,2,What is the capital of France?,2055,32,argonne-swing,40960.0,8147.6875,40960.0,7551.6875
1710873943.3411403,start-inference-1-4,5.161826848983765,490054,471080,2048,7,4,falcon-7b,2,What is the capital of France?,169,32,argonne-swing,40960.0,8147.6875,40960.0,7551.6875
1710873948.518081,start-inference-B-0,12.283830404281616,1162722,1152193,2048,18,0,falcon-7b,2,Can you explain the difference between a simile and a metaphor? Provide an example of each.,403,32,argonne-swing,40960.0,8147.6875,40960.0,7551.6875
1710873960.8163497,start-inference-1-1,10.437907457351685,991723,971760,2048,18,1,falcon-7b,2,Can you explain the difference between a simile and a metaphor? Provide an example of each.,347,32,argonne-swing,40960.0,8147.6875,40960.0,7551.6875
1710873971.2680192,start-inference-1-2,65.11367440223694,6305641,6266821,2048,18,2,falcon-7b,2,Can you explain the difference between a simile and a metaphor? Provide an example of each.,2066,32,argonne-swing,40960.0,8149.6875,40960.0,7551.6875
1710874036.3998175,start-inference-1-3,26.110008239746094,2497846,2489327,2048,18,3,falcon-7b,2,Can you explain the difference between a simile and a metaphor? Provide an example of each.,839,32,argonne-swing,40960.0,8149.6875,40960.0,7551.6875
1710874062.5242393,start-inference-1-4,65.0386266708374,6293499,6277633,2048,18,4,falcon-7b,2,Can you explain the difference between a simile and a metaphor? Provide an example of each.,2066,32,argonne-swing,40960.0,8149.6875,40960.0,7551.6875
1710874127.581157,start-inference-C-0,65.12135553359985,6306515,6285875,2048,26,0,falcon-7b,2,"What are some effective strategies for managing stress and maintaining good mental health during challenging times, such as a pandemic or a personal crisis?",2074,32,argonne-swing,40960.0,8149.6875,40960.0,7551.6875
1710874192.7236023,start-inference-1-1,16.76625370979309,1601105,1592555,2048,26,1,falcon-7b,2,"What are some effective strategies for managing stress and maintaining good mental health during challenging times, such as a pandemic or a personal crisis?",553,32,argonne-swing,40960.0,8149.6875,40960.0,7551.6875
1710874209.5043323,start-inference-1-2,65.09616780281067,6303844,6279858,2048,26,2,falcon-7b,2,"What are some effective strategies for managing stress and maintaining good mental health during challenging times, such as a pandemic or a personal crisis?",2074,32,argonne-swing,40960.0,8149.6875,40960.0,7551.6875
1710874274.6196191,start-inference-1-3,65.02852416038513,6295781,6283768,2048,26,3,falcon-7b,2,"What are some effective strategies for managing stress and maintaining good mental health during challenging times, such as a pandemic or a personal crisis?",2074,32,argonne-swing,40960.0,8149.6875,40960.0,7551.6875
1710874339.6669283,start-inference-1-4,65.0865204334259,6314041,6279711,2048,26,4,falcon-7b,2,"What are some effective strategies for managing stress and maintaining good mental health during challenging times, such as a pandemic or a personal crisis?",2074,32,argonne-swing,40960.0,8149.6875,40960.0,7551.6875
1710874404.7723453,start-inference-D-0,8.919589757919312,850197,835034,2048,54,0,falcon-7b,2,"Imagine you are a travel guide. Can you recommend a 7-day itinerary for a trip to Japan, including must-visit destinations, cultural experiences, and local cuisine? Provide a brief description of each day's activities and how they showcase the best of Japan.",335,32,argonne-swing,40960.0,8149.6875,40960.0,7551.6875
1710874413.704353,start-inference-1-1,6.8066253662109375,638973,640530,2048,54,1,falcon-7b,2,"Imagine you are a travel guide. Can you recommend a 7-day itinerary for a trip to Japan, including must-visit destinations, cultural experiences, and local cuisine? Provide a brief description of each day's activities and how they showcase the best of Japan.",268,32,argonne-swing,40960.0,8149.6875,40960.0,7551.6875
1710874420.5215967,start-inference-1-2,65.17524218559265,6325741,6294600,2048,54,2,falcon-7b,2,"Imagine you are a travel guide. Can you recommend a 7-day itinerary for a trip to Japan, including must-visit destinations, cultural experiences, and local cuisine? Provide a brief description of each day's activities and how they showcase the best of Japan.",2102,32,argonne-swing,40960.0,8149.6875,40960.0,7551.6875
1710874485.7188995,start-inference-1-3,0.7358722686767578,65471,72899,2048,54,3,falcon-7b,2,"Imagine you are a travel guide. Can you recommend a 7-day itinerary for a trip to Japan, including must-visit destinations, cultural experiences, and local cuisine? Provide a brief description of each day's activities and how they showcase the best of Japan.",76,32,argonne-swing,40960.0,8149.6875,40960.0,7551.6875
1710874486.4644623,start-inference-1-4,1.395766019821167,131954,129503,2048,54,4,falcon-7b,2,"Imagine you are a travel guide. Can you recommend a 7-day itinerary for a trip to Japan, including must-visit destinations, cultural experiences, and local cuisine? Provide a brief description of each day's activities and how they showcase the best of Japan.",97,32,argonne-swing,40960.0,8149.6875,40960.0,7551.6875
1710874487.8713355,start-inference-E-0,0.9921839237213135,93805,92617,2048,71,0,falcon-7b,2,"As an AI language model, you have the ability to process and generate human-like text. Can you discuss the potential implications of advanced AI systems like yourself on various industries, such as healthcare, education, and creative fields? Consider the benefits, challenges, and ethical considerations surrounding the integration of AI in these sectors. Provide specific examples to support your analysis.",101,32,argonne-swing,40960.0,8149.6875,40960.0,7553.6875
1710874488.874986,start-inference-1-1,2.4103426933288574,227832,224496,2048,71,1,falcon-7b,2,"As an AI language model, you have the ability to process and generate human-like text. Can you discuss the potential implications of advanced AI systems like yourself on various industries, such as healthcare, education, and creative fields? Consider the benefits, challenges, and ethical considerations surrounding the integration of AI in these sectors. Provide specific examples to support your analysis.",146,32,argonne-swing,40960.0,8149.6875,40960.0,7553.6875
1710874491.3005261,start-inference-1-2,2.0969741344451904,197890,195400,2048,71,2,falcon-7b,2,"As an AI language model, you have the ability to process and generate human-like text. Can you discuss the potential implications of advanced AI systems like yourself on various industries, such as healthcare, education, and creative fields? Consider the benefits, challenges, and ethical considerations surrounding the integration of AI in these sectors. Provide specific examples to support your analysis.",136,32,argonne-swing,40960.0,8149.6875,40960.0,7553.6875
1710874493.4125164,start-inference-1-3,0.07307004928588867,9138,8827,2048,71,3,falcon-7b,2,"As an AI language model, you have the ability to process and generate human-like text. Can you discuss the potential implications of advanced AI systems like yourself on various industries, such as healthcare, education, and creative fields? Consider the benefits, challenges, and ethical considerations surrounding the integration of AI in these sectors. Provide specific examples to support your analysis.",72,32,argonne-swing,40960.0,8149.6875,40960.0,7553.6875
1710874493.494826,start-inference-1-4,1.0525431632995605,104678,93104,2048,71,4,falcon-7b,2,"As an AI language model, you have the ability to process and generate human-like text. Can you discuss the potential implications of advanced AI systems like yourself on various industries, such as healthcare, education, and creative fields? Consider the benefits, challenges, and ethical considerations surrounding the integration of AI in these sectors. Provide specific examples to support your analysis.",103,32,argonne-swing,40960.0,8149.6875,40960.0,7553.6875
1710874521.1798987,tokenizer,0.2480030059814453,16142,16243,512,0,0,falcon-7b,2,startup,0,8,argonne-swing,40960.0,7977.6875,40960.0,7413.6875
1710874521.4279017,model load,56.16810894012451,3262400,3313472,512,0,0,falcon-7b,2,startup,0,8,argonne-swing,40960.0,7977.6875,40960.0,7413.6875
1710874577.5960107,pipeline load,0.008365392684936523,5866,0,512,0,0,falcon-7b,2,startup,0,8,argonne-swing,40960.0,7977.6875,40960.0,7413.6875
1710874577.6259103,start-inference-A-0,19.79045581817627,1755582,1744853,512,7,0,falcon-7b,2,What is the capital of France?,519,8,argonne-swing,40960.0,8105.6875,40960.0,7531.6875
1710874597.430504,start-inference-1-1,16.186635732650757,1533866,1521334,512,7,1,falcon-7b,2,What is the capital of France?,519,8,argonne-swing,40960.0,8105.6875,40960.0,7531.6875
1710874613.6325843,start-inference-1-2,13.769233465194702,1302972,1291485,512,7,2,falcon-7b,2,What is the capital of France?,440,8,argonne-swing,40960.0,8105.6875,40960.0,7531.6875
1710874627.4167619,start-inference-1-3,16.1829252243042,1536243,1524060,512,7,3,falcon-7b,2,What is the capital of France?,519,8,argonne-swing,40960.0,8105.6875,40960.0,7531.6875
1710874643.6152413,start-inference-1-4,16.244316577911377,1545918,1533665,512,7,4,falcon-7b,2,What is the capital of France?,519,8,argonne-swing,40960.0,8105.6875,40960.0,7531.6875
1710874659.8738236,start-inference-B-0,8.802551507949829,828808,816219,512,18,0,falcon-7b,2,Can you explain the difference between a simile and a metaphor? Provide an example of each.,296,8,argonne-swing,40960.0,8105.6875,40960.0,7531.6875
1710874668.6866784,start-inference-1-1,4.642170667648315,441975,434734,512,18,1,falcon-7b,2,Can you explain the difference between a simile and a metaphor? Provide an example of each.,164,8,argonne-swing,40960.0,8105.6875,40960.0,7531.6875
1710874673.3422863,start-inference-1-2,16.270537853240967,1539750,1536965,512,18,2,falcon-7b,2,Can you explain the difference between a simile and a metaphor? Provide an example of each.,530,8,argonne-swing,40960.0,8105.6875,40960.0,7531.6875
1710874689.6284745,start-inference-1-3,6.728253126144409,637368,625299,512,18,3,falcon-7b,2,Can you explain the difference between a simile and a metaphor? Provide an example of each.,230,8,argonne-swing,40960.0,8105.6875,40960.0,7531.6875
1710874696.3706853,start-inference-1-4,6.882576942443848,646033,634475,512,18,4,falcon-7b,2,Can you explain the difference between a simile and a metaphor? Provide an example of each.,235,8,argonne-swing,40960.0,8105.6875,40960.0,7531.6875
1710874703.2667627,start-inference-C-0,16.21785593032837,1542649,1542032,512,26,0,falcon-7b,2,"What are some effective strategies for managing stress and maintaining good mental health during challenging times, such as a pandemic or a personal crisis?",538,8,argonne-swing,40960.0,8105.6875,40960.0,7531.6875
1710874719.5000575,start-inference-1-1,16.222355842590332,1545057,1532518,512,26,1,falcon-7b,2,"What are some effective strategies for managing stress and maintaining good mental health during challenging times, such as a pandemic or a personal crisis?",538,8,argonne-swing,40960.0,8105.6875,40960.0,7531.6875
1710874735.7372508,start-inference-1-2,16.165611743927002,1549202,1534539,512,26,2,falcon-7b,2,"What are some effective strategies for managing stress and maintaining good mental health during challenging times, such as a pandemic or a personal crisis?",538,8,argonne-swing,40960.0,8105.6875,40960.0,7531.6875
1710874751.9167233,start-inference-1-3,16.211458206176758,1544173,1533288,512,26,3,falcon-7b,2,"What are some effective strategies for managing stress and maintaining good mental health during challenging times, such as a pandemic or a personal crisis?",538,8,argonne-swing,40960.0,8105.6875,40960.0,7531.6875
1710874768.1402955,start-inference-1-4,16.158894300460815,1550214,1534553,512,26,4,falcon-7b,2,"What are some effective strategies for managing stress and maintaining good mental health during challenging times, such as a pandemic or a personal crisis?",538,8,argonne-swing,40960.0,8105.6875,40960.0,7531.6875
1710874784.3106432,start-inference-D-0,16.365771532058716,1562013,1553991,512,54,0,falcon-7b,2,"Imagine you are a travel guide. Can you recommend a 7-day itinerary for a trip to Japan, including must-visit destinations, cultural experiences, and local cuisine? Provide a brief description of each day's activities and how they showcase the best of Japan.",566,8,argonne-swing,40960.0,8105.6875,40960.0,7533.6875
1710874800.6925619,start-inference-1-1,0.7952837944030762,74883,73400,512,54,1,falcon-7b,2,"Imagine you are a travel guide. Can you recommend a 7-day itinerary for a trip to Japan, including must-visit destinations, cultural experiences, and local cuisine? Provide a brief description of each day's activities and how they showcase the best of Japan.",78,8,argonne-swing,40960.0,8105.6875,40960.0,7533.6875
1710874801.5010643,start-inference-1-2,2.620361089706421,245475,241536,512,54,2,falcon-7b,2,"Imagine you are a travel guide. Can you recommend a 7-day itinerary for a trip to Japan, including must-visit destinations, cultural experiences, and local cuisine? Provide a brief description of each day's activities and how they showcase the best of Japan.",136,8,argonne-swing,40960.0,8105.6875,40960.0,7533.6875
1710874804.1323514,start-inference-1-3,2.2424142360687256,207348,213520,512,54,3,falcon-7b,2,"Imagine you are a travel guide. Can you recommend a 7-day itinerary for a trip to Japan, including must-visit destinations, cultural experiences, and local cuisine? Provide a brief description of each day's activities and how they showcase the best of Japan.",124,8,argonne-swing,40960.0,8105.6875,40960.0,7533.6875
1710874806.385056,start-inference-1-4,16.22596287727356,1548299,1538183,512,54,4,falcon-7b,2,"Imagine you are a travel guide. Can you recommend a 7-day itinerary for a trip to Japan, including must-visit destinations, cultural experiences, and local cuisine? Provide a brief description of each day's activities and how they showcase the best of Japan.",566,8,argonne-swing,40960.0,8105.6875,40960.0,7533.6875
1710874822.623272,start-inference-E-0,2.9749040603637695,284322,281053,512,71,0,falcon-7b,2,"As an AI language model, you have the ability to process and generate human-like text. Can you discuss the potential implications of advanced AI systems like yourself on various industries, such as healthcare, education, and creative fields? Consider the benefits, challenges, and ethical considerations surrounding the integration of AI in these sectors. Provide specific examples to support your analysis.",164,8,argonne-swing,40960.0,8105.6875,40960.0,7535.6875
1710874825.611672,start-inference-1-1,5.834913492202759,555154,548645,512,71,1,falcon-7b,2,"As an AI language model, you have the ability to process and generate human-like text. Can you discuss the potential implications of advanced AI systems like yourself on various industries, such as healthcare, education, and creative fields? Consider the benefits, challenges, and ethical considerations surrounding the integration of AI in these sectors. Provide specific examples to support your analysis.",255,8,argonne-swing,40960.0,8105.6875,40960.0,7535.6875
1710874831.4603603,start-inference-1-2,0.04108071327209473,0,0,512,71,2,falcon-7b,2,"As an AI language model, you have the ability to process and generate human-like text. Can you discuss the potential implications of advanced AI systems like yourself on various industries, such as healthcare, education, and creative fields? Consider the benefits, challenges, and ethical considerations surrounding the integration of AI in these sectors. Provide specific examples to support your analysis.",71,8,argonne-swing,40960.0,8105.6875,40960.0,7535.6875
1710874831.510622,start-inference-1-3,0.07238483428955078,9057,0,512,71,3,falcon-7b,2,"As an AI language model, you have the ability to process and generate human-like text. Can you discuss the potential implications of advanced AI systems like yourself on various industries, such as healthcare, education, and creative fields? Consider the benefits, challenges, and ethical considerations surrounding the integration of AI in these sectors. Provide specific examples to support your analysis.",72,8,argonne-swing,40960.0,8105.6875,40960.0,7535.6875
1710874831.5922558,start-inference-1-4,16.2348849773407,1558754,1550254,512,71,4,falcon-7b,2,"As an AI language model, you have the ability to process and generate human-like text. Can you discuss the potential implications of advanced AI systems like yourself on various industries, such as healthcare, education, and creative fields? Consider the benefits, challenges, and ethical considerations surrounding the integration of AI in these sectors. Provide specific examples to support your analysis.",583,8,argonne-swing,40960.0,8105.6875,40960.0,7535.6875
1710874867.415788,tokenizer,0.2510032653808594,16155,10832,512,0,0,falcon-7b,2,startup,0,16,argonne-swing,40960.0,7977.6875,40960.0,7413.6875
1710874867.6667912,model load,55.91054582595825,3251291,3296862,512,0,0,falcon-7b,2,startup,0,16,argonne-swing,40960.0,7977.6875,40960.0,7413.6875
1710874923.577337,pipeline load,0.009733438491821289,0,0,512,0,0,falcon-7b,2,startup,0,16,argonne-swing,40960.0,7977.6875,40960.0,7413.6875
1710874923.642824,start-inference-A-0,19.823676109313965,1754514,1745077,512,7,0,falcon-7b,2,What is the capital of France?,519,16,argonne-swing,40960.0,8105.6875,40960.0,7531.6875
1710874943.4813771,start-inference-1-1,16.310570240020752,1536901,1526386,512,7,1,falcon-7b,2,What is the capital of France?,519,16,argonne-swing,40960.0,8105.6875,40960.0,7531.6875
1710874959.8082254,start-inference-1-2,16.24748158454895,1532190,1530200,512,7,2,falcon-7b,2,What is the capital of France?,519,16,argonne-swing,40960.0,8105.6875,40960.0,7531.6875
1710874976.0683186,start-inference-1-3,16.31708598136902,1541370,1529397,512,7,3,falcon-7b,2,What is the capital of France?,519,16,argonne-swing,40960.0,8105.6875,40960.0,7531.6875
1710874992.3976636,start-inference-1-4,16.225330352783203,1535164,1524617,512,7,4,falcon-7b,2,What is the capital of France?,519,16,argonne-swing,40960.0,8105.6875,40960.0,7531.6875
1710875008.6342604,start-inference-B-0,4.1287147998809814,392232,374988,512,18,0,falcon-7b,2,Can you explain the difference between a simile and a metaphor? Provide an example of each.,145,16,argonne-swing,40960.0,8105.6875,40960.0,7531.6875
1710875012.7736492,start-inference-1-1,2.5377650260925293,233743,228481,512,18,1,falcon-7b,2,Can you explain the difference between a simile and a metaphor? Provide an example of each.,97,16,argonne-swing,40960.0,8105.6875,40960.0,7531.6875
1710875015.3248441,start-inference-1-2,2.6347250938415527,243056,237157,512,18,2,falcon-7b,2,Can you explain the difference between a simile and a metaphor? Provide an example of each.,100,16,argonne-swing,40960.0,8105.6875,40960.0,7531.6875
1710875017.972232,start-inference-1-3,5.579030275344849,527916,509397,512,18,3,falcon-7b,2,Can you explain the difference between a simile and a metaphor? Provide an example of each.,193,16,argonne-swing,40960.0,8105.6875,40960.0,7531.6875
1710875023.5647583,start-inference-1-4,3.075726270675659,291179,284263,512,18,4,falcon-7b,2,Can you explain the difference between a simile and a metaphor? Provide an example of each.,114,16,argonne-swing,40960.0,8105.6875,40960.0,7531.6875
1710875026.6515312,start-inference-C-0,16.38638424873352,1557018,1543570,512,26,0,falcon-7b,2,"What are some effective strategies for managing stress and maintaining good mental health during challenging times, such as a pandemic or a personal crisis?",538,16,argonne-swing,40960.0,8105.6875,40960.0,7531.6875
1710875043.0530732,start-inference-1-1,16.252577543258667,1541073,1538444,512,26,1,falcon-7b,2,"What are some effective strategies for managing stress and maintaining good mental health during challenging times, such as a pandemic or a personal crisis?",538,16,argonne-swing,40960.0,8105.6875,40960.0,7531.6875
1710875059.3221595,start-inference-1-2,15.631617546081543,1491698,1479821,512,26,2,falcon-7b,2,"What are some effective strategies for managing stress and maintaining good mental health during challenging times, such as a pandemic or a personal crisis?",516,16,argonne-swing,40960.0,8105.6875,40960.0,7531.6875
1710875074.9674406,start-inference-1-3,16.24091672897339,1554914,1530517,512,26,3,falcon-7b,2,"What are some effective strategies for managing stress and maintaining good mental health during challenging times, such as a pandemic or a personal crisis?",538,16,argonne-swing,40960.0,8105.6875,40960.0,7531.6875
1710875091.2448087,start-inference-1-4,16.308208227157593,1550456,1546307,512,26,4,falcon-7b,2,"What are some effective strategies for managing stress and maintaining good mental health during challenging times, such as a pandemic or a personal crisis?",538,16,argonne-swing,40960.0,8105.6875,40960.0,7531.6875
1710875107.5682003,start-inference-D-0,16.375521421432495,1563977,1549446,512,54,0,falcon-7b,2,"Imagine you are a travel guide. Can you recommend a 7-day itinerary for a trip to Japan, including must-visit destinations, cultural experiences, and local cuisine? Provide a brief description of each day's activities and how they showcase the best of Japan.",566,16,argonne-swing,40960.0,8105.6875,40960.0,7533.6875
1710875123.9589179,start-inference-1-1,12.33737325668335,1177534,1169438,512,54,1,falcon-7b,2,"Imagine you are a travel guide. Can you recommend a 7-day itinerary for a trip to Japan, including must-visit destinations, cultural experiences, and local cuisine? Provide a brief description of each day's activities and how they showcase the best of Japan.",442,16,argonne-swing,40960.0,8105.6875,40960.0,7533.6875
1710875136.3090403,start-inference-1-2,16.30787944793701,1553093,1543457,512,54,2,falcon-7b,2,"Imagine you are a travel guide. Can you recommend a 7-day itinerary for a trip to Japan, including must-visit destinations, cultural experiences, and local cuisine? Provide a brief description of each day's activities and how they showcase the best of Japan.",566,16,argonne-swing,40960.0,8105.6875,40960.0,7533.6875
1710875152.628277,start-inference-1-3,16.241189002990723,1555016,1536237,512,54,3,falcon-7b,2,"Imagine you are a travel guide. Can you recommend a 7-day itinerary for a trip to Japan, including must-visit destinations, cultural experiences, and local cuisine? Provide a brief description of each day's activities and how they showcase the best of Japan.",566,16,argonne-swing,40960.0,8105.6875,40960.0,7533.6875
1710875168.8818755,start-inference-1-4,16.302209615707397,1553421,1543291,512,54,4,falcon-7b,2,"Imagine you are a travel guide. Can you recommend a 7-day itinerary for a trip to Japan, including must-visit destinations, cultural experiences, and local cuisine? Provide a brief description of each day's activities and how they showcase the best of Japan.",566,16,argonne-swing,40960.0,8105.6875,40960.0,7533.6875
1710875185.195047,start-inference-E-0,5.301772117614746,505243,498807,512,71,0,falcon-7b,2,"As an AI language model, you have the ability to process and generate human-like text. Can you discuss the potential implications of advanced AI systems like yourself on various industries, such as healthcare, education, and creative fields? Consider the benefits, challenges, and ethical considerations surrounding the integration of AI in these sectors. Provide specific examples to support your analysis.",237,16,argonne-swing,40960.0,8105.6875,40960.0,7535.6875
1710875190.5093675,start-inference-1-1,0.07310366630554199,9188,0,512,71,1,falcon-7b,2,"As an AI language model, you have the ability to process and generate human-like text. Can you discuss the potential implications of advanced AI systems like yourself on various industries, such as healthcare, education, and creative fields? Consider the benefits, challenges, and ethical considerations surrounding the integration of AI in these sectors. Provide specific examples to support your analysis.",72,16,argonne-swing,40960.0,8105.6875,40960.0,7535.6875
1710875190.5916283,start-inference-1-2,0.04111075401306152,0,9118,512,71,2,falcon-7b,2,"As an AI language model, you have the ability to process and generate human-like text. Can you discuss the potential implications of advanced AI systems like yourself on various industries, such as healthcare, education, and creative fields? Consider the benefits, challenges, and ethical considerations surrounding the integration of AI in these sectors. Provide specific examples to support your analysis.",71,16,argonne-swing,40960.0,8105.6875,40960.0,7535.6875
1710875190.6419535,start-inference-1-3,16.38542413711548,1563734,1554966,512,71,3,falcon-7b,2,"As an AI language model, you have the ability to process and generate human-like text. Can you discuss the potential implications of advanced AI systems like yourself on various industries, such as healthcare, education, and creative fields? Consider the benefits, challenges, and ethical considerations surrounding the integration of AI in these sectors. Provide specific examples to support your analysis.",583,16,argonne-swing,40960.0,8105.6875,40960.0,7535.6875
1710875207.0406795,start-inference-1-4,4.537319898605347,437607,422307,512,71,4,falcon-7b,2,"As an AI language model, you have the ability to process and generate human-like text. Can you discuss the potential implications of advanced AI systems like yourself on various industries, such as healthcare, education, and creative fields? Consider the benefits, challenges, and ethical considerations surrounding the integration of AI in these sectors. Provide specific examples to support your analysis.",213,16,argonne-swing,40960.0,8105.6875,40960.0,7535.6875
1710875233.3802357,tokenizer,0.29567480087280273,16027,16230,512,0,0,falcon-7b,2,startup,0,64,argonne-swing,40960.0,7977.6875,40960.0,7413.6875
1710875233.6759105,model load,54.54202485084534,3173516,3218036,512,0,0,falcon-7b,2,startup,0,64,argonne-swing,40960.0,7977.6875,40960.0,7413.6875
1710875288.2179353,pipeline load,0.007519721984863281,0,0,512,0,0,falcon-7b,2,startup,0,64,argonne-swing,40960.0,7977.6875,40960.0,7413.6875
1710875288.2662392,start-inference-A-0,19.80229163169861,1755704,1743769,512,7,0,falcon-7b,2,What is the capital of France?,519,64,argonne-swing,40960.0,8105.6875,40960.0,7531.6875
1710875308.0799072,start-inference-1-1,16.20136260986328,1531659,1520895,512,7,1,falcon-7b,2,What is the capital of France?,519,64,argonne-swing,40960.0,8105.6875,40960.0,7531.6875
1710875324.2964916,start-inference-1-2,16.265775442123413,1533845,1529571,512,7,2,falcon-7b,2,What is the capital of France?,519,64,argonne-swing,40960.0,8105.6875,40960.0,7531.6875
1710875340.5755763,start-inference-1-3,16.19912099838257,1547167,1524520,512,7,3,falcon-7b,2,What is the capital of France?,519,64,argonne-swing,40960.0,8105.6875,40960.0,7531.6875
1710875356.7887502,start-inference-1-4,16.244640588760376,1537298,1524359,512,7,4,falcon-7b,2,What is the capital of France?,519,64,argonne-swing,40960.0,8105.6875,40960.0,7531.6875
1710875373.0463278,start-inference-B-0,16.241339445114136,1548618,1537815,512,18,0,falcon-7b,2,Can you explain the difference between a simile and a metaphor? Provide an example of each.,530,64,argonne-swing,40960.0,8105.6875,40960.0,7531.6875
1710875389.3003187,start-inference-1-1,11.508245706558228,1086480,1072596,512,18,1,falcon-7b,2,Can you explain the difference between a simile and a metaphor? Provide an example of each.,379,64,argonne-swing,40960.0,8105.6875,40960.0,7531.6875
1710875400.8209023,start-inference-1-2,13.925777196884155,1320337,1317552,512,18,2,falcon-7b,2,Can you explain the difference between a simile and a metaphor? Provide an example of each.,457,64,argonne-swing,40960.0,8105.6875,40960.0,7531.6875
1710875414.759513,start-inference-1-3,5.666779518127441,528200,519917,512,18,3,falcon-7b,2,Can you explain the difference between a simile and a metaphor? Provide an example of each.,196,64,argonne-swing,40960.0,8105.6875,40960.0,7531.6875
1710875420.4408894,start-inference-1-4,4.179154872894287,386511,387450,512,18,4,falcon-7b,2,Can you explain the difference between a simile and a metaphor? Provide an example of each.,149,64,argonne-swing,40960.0,8105.6875,40960.0,7531.6875
1710875424.6314385,start-inference-C-0,16.3046772480011,1550188,1539946,512,26,0,falcon-7b,2,"What are some effective strategies for managing stress and maintaining good mental health during challenging times, such as a pandemic or a personal crisis?",538,64,argonne-swing,40960.0,8105.6875,40960.0,7531.6875
1710875440.9497035,start-inference-1-1,16.19767117500305,1547375,1532515,512,26,1,falcon-7b,2,"What are some effective strategies for managing stress and maintaining good mental health during challenging times, such as a pandemic or a personal crisis?",538,64,argonne-swing,40960.0,8105.6875,40960.0,7531.6875
1710875457.1681974,start-inference-1-2,16.2460675239563,1543977,1530847,512,26,2,falcon-7b,2,"What are some effective strategies for managing stress and maintaining good mental health during challenging times, such as a pandemic or a personal crisis?",538,64,argonne-swing,40960.0,8105.6875,40960.0,7531.6875
1710875473.4260926,start-inference-1-3,16.186532497406006,1546896,1533876,512,26,3,falcon-7b,2,"What are some effective strategies for managing stress and maintaining good mental health during challenging times, such as a pandemic or a personal crisis?",538,64,argonne-swing,40960.0,8105.6875,40960.0,7531.6875
1710875489.6267126,start-inference-1-4,2.497770309448242,224131,228000,512,26,4,falcon-7b,2,"What are some effective strategies for managing stress and maintaining good mental health during challenging times, such as a pandemic or a personal crisis?",102,64,argonne-swing,40960.0,8105.6875,40960.0,7531.6875
1710875492.135708,start-inference-D-0,16.32243275642395,1555623,1551992,512,54,0,falcon-7b,2,"Imagine you are a travel guide. Can you recommend a 7-day itinerary for a trip to Japan, including must-visit destinations, cultural experiences, and local cuisine? Provide a brief description of each day's activities and how they showcase the best of Japan.",566,64,argonne-swing,40960.0,8105.6875,40960.0,7533.6875
1710875508.4720592,start-inference-1-1,1.1748676300048828,112202,110549,512,54,1,falcon-7b,2,"Imagine you are a travel guide. Can you recommend a 7-day itinerary for a trip to Japan, including must-visit destinations, cultural experiences, and local cuisine? Provide a brief description of each day's activities and how they showcase the best of Japan.",90,64,argonne-swing,40960.0,8105.6875,40960.0,7533.6875
1710875509.6564622,start-inference-1-2,16.264976739883423,1545399,1536231,512,54,2,falcon-7b,2,"Imagine you are a travel guide. Can you recommend a 7-day itinerary for a trip to Japan, including must-visit destinations, cultural experiences, and local cuisine? Provide a brief description of each day's activities and how they showcase the best of Japan.",566,64,argonne-swing,40960.0,8105.6875,40960.0,7533.6875
1710875525.9346864,start-inference-1-3,2.1235921382904053,197548,194674,512,54,3,falcon-7b,2,"Imagine you are a travel guide. Can you recommend a 7-day itinerary for a trip to Japan, including must-visit destinations, cultural experiences, and local cuisine? Provide a brief description of each day's activities and how they showcase the best of Japan.",120,64,argonne-swing,40960.0,8105.6875,40960.0,7533.6875
1710875528.0682745,start-inference-1-4,16.19830870628357,1547185,1538058,512,54,4,falcon-7b,2,"Imagine you are a travel guide. Can you recommend a 7-day itinerary for a trip to Japan, including must-visit destinations, cultural experiences, and local cuisine? Provide a brief description of each day's activities and how they showcase the best of Japan.",566,64,argonne-swing,40960.0,8105.6875,40960.0,7533.6875
1710875544.2786562,start-inference-E-0,0.04390072822570801,0,0,512,71,0,falcon-7b,2,"As an AI language model, you have the ability to process and generate human-like text. Can you discuss the potential implications of advanced AI systems like yourself on various industries, such as healthcare, education, and creative fields? Consider the benefits, challenges, and ethical considerations surrounding the integration of AI in these sectors. Provide specific examples to support your analysis.",71,64,argonne-swing,40960.0,8105.6875,40960.0,7535.6875
1710875544.3318474,start-inference-1-1,0.9569690227508545,84505,92574,512,71,1,falcon-7b,2,"As an AI language model, you have the ability to process and generate human-like text. Can you discuss the potential implications of advanced AI systems like yourself on various industries, such as healthcare, education, and creative fields? Consider the benefits, challenges, and ethical considerations surrounding the integration of AI in these sectors. Provide specific examples to support your analysis.",100,64,argonne-swing,40960.0,8105.6875,40960.0,7535.6875
1710875545.301946,start-inference-1-2,2.1239664554595947,198819,195638,512,71,2,falcon-7b,2,"As an AI language model, you have the ability to process and generate human-like text. Can you discuss the potential implications of advanced AI systems like yourself on various industries, such as healthcare, education, and creative fields? Consider the benefits, challenges, and ethical considerations surrounding the integration of AI in these sectors. Provide specific examples to support your analysis.",137,64,argonne-swing,40960.0,8105.6875,40960.0,7535.6875
1710875547.438627,start-inference-1-3,1.3696680068969727,131783,129404,512,71,3,falcon-7b,2,"As an AI language model, you have the ability to process and generate human-like text. Can you discuss the potential implications of advanced AI systems like yourself on various industries, such as healthcare, education, and creative fields? Consider the benefits, challenges, and ethical considerations surrounding the integration of AI in these sectors. Provide specific examples to support your analysis.",113,64,argonne-swing,40960.0,8105.6875,40960.0,7535.6875
1710875548.8216422,start-inference-1-4,2.8493473529815674,275751,262036,512,71,4,falcon-7b,2,"As an AI language model, you have the ability to process and generate human-like text. Can you discuss the potential implications of advanced AI systems like yourself on various industries, such as healthcare, education, and creative fields? Consider the benefits, challenges, and ethical considerations surrounding the integration of AI in these sectors. Provide specific examples to support your analysis.",160,64,argonne-swing,40960.0,8105.6875,40960.0,7535.6875
1710875577.8131394,tokenizer,0.24909687042236328,16154,10788,512,0,0,falcon-7b,2,startup,0,128,argonne-swing,40960.0,7977.6875,40960.0,7413.6875
1710875578.0622363,model load,22.956848859786987,1329824,1345566,512,0,0,falcon-7b,2,startup,0,128,argonne-swing,40960.0,7977.6875,40960.0,7413.6875
1710875601.0190852,pipeline load,0.009230852127075195,0,0,512,0,0,falcon-7b,2,startup,0,128,argonne-swing,40960.0,7977.6875,40960.0,7413.6875
1710875601.0574992,start-inference-A-0,19.563193559646606,1739689,1728356,512,7,0,falcon-7b,2,What is the capital of France?,519,128,argonne-swing,40960.0,8105.6875,40960.0,7531.6875
1710875620.6367881,start-inference-1-1,16.195276498794556,1532828,1521252,512,7,1,falcon-7b,2,What is the capital of France?,519,128,argonne-swing,40960.0,8105.6875,40960.0,7531.6875
1710875636.847078,start-inference-1-2,16.191369771957397,1548181,1525188,512,7,2,falcon-7b,2,What is the capital of France?,519,128,argonne-swing,40960.0,8105.6875,40960.0,7531.6875
1710875653.0533123,start-inference-1-3,16.25675129890442,1536227,1523685,512,7,3,falcon-7b,2,What is the capital of France?,519,128,argonne-swing,40960.0,8105.6875,40960.0,7531.6875
1710875669.3243904,start-inference-1-4,16.18739414215088,1538135,1536132,512,7,4,falcon-7b,2,What is the capital of France?,519,128,argonne-swing,40960.0,8105.6875,40960.0,7531.6875
1710875685.5276124,start-inference-B-0,16.31266760826111,1547499,1534681,512,18,0,falcon-7b,2,Can you explain the difference between a simile and a metaphor? Provide an example of each.,530,128,argonne-swing,40960.0,8105.6875,40960.0,7531.6875
1710875701.8511508,start-inference-1-1,4.491863965988159,423568,416848,512,18,1,falcon-7b,2,Can you explain the difference between a simile and a metaphor? Provide an example of each.,159,128,argonne-swing,40960.0,8105.6875,40960.0,7531.6875
1710875706.352845,start-inference-1-2,16.2671480178833,1541033,1529521,512,18,2,falcon-7b,2,Can you explain the difference between a simile and a metaphor? Provide an example of each.,530,128,argonne-swing,40960.0,8105.6875,40960.0,7531.6875
1710875722.6327245,start-inference-1-3,12.677160739898682,1203836,1192814,512,18,3,falcon-7b,2,Can you explain the difference between a simile and a metaphor? Provide an example of each.,418,128,argonne-swing,40960.0,8105.6875,40960.0,7531.6875
1710875735.3378043,start-inference-1-4,16.259626150131226,1550433,1538258,512,18,4,falcon-7b,2,Can you explain the difference between a simile and a metaphor? Provide an example of each.,530,128,argonne-swing,40960.0,8105.6875,40960.0,7531.6875
1710875751.6129644,start-inference-C-0,16.188453435897827,1548322,1536185,512,26,0,falcon-7b,2,"What are some effective strategies for managing stress and maintaining good mental health during challenging times, such as a pandemic or a personal crisis?",538,128,argonne-swing,40960.0,8105.6875,40960.0,7531.6875
1710875767.8130665,start-inference-1-1,16.262454509735107,1544668,1539841,512,26,1,falcon-7b,2,"What are some effective strategies for managing stress and maintaining good mental health during challenging times, such as a pandemic or a personal crisis?",538,128,argonne-swing,40960.0,8105.6875,40960.0,7531.6875
1710875784.086834,start-inference-1-2,16.163025617599487,1535585,1524894,512,26,2,falcon-7b,2,"What are some effective strategies for managing stress and maintaining good mental health during challenging times, such as a pandemic or a personal crisis?",538,128,argonne-swing,40960.0,8105.6875,40960.0,7531.6875
1710875800.261729,start-inference-1-3,10.015294551849365,954812,935105,512,26,3,falcon-7b,2,"What are some effective strategies for managing stress and maintaining good mental health during challenging times, such as a pandemic or a personal crisis?",342,128,argonne-swing,40960.0,8105.6875,40960.0,7531.6875
1710875810.2898595,start-inference-1-4,0.8890302181243896,84243,82278,512,26,4,falcon-7b,2,"What are some effective strategies for managing stress and maintaining good mental health during challenging times, such as a pandemic or a personal crisis?",53,128,argonne-swing,40960.0,8105.6875,40960.0,7531.6875
1710875811.1919873,start-inference-D-0,16.380007028579712,1560192,1552315,512,54,0,falcon-7b,2,"Imagine you are a travel guide. Can you recommend a 7-day itinerary for a trip to Japan, including must-visit destinations, cultural experiences, and local cuisine? Provide a brief description of each day's activities and how they showcase the best of Japan.",566,128,argonne-swing,40960.0,8105.6875,40960.0,7533.6875
1710875827.5866394,start-inference-1-1,16.164530277252197,1549936,1540842,512,54,1,falcon-7b,2,"Imagine you are a travel guide. Can you recommend a 7-day itinerary for a trip to Japan, including must-visit destinations, cultural experiences, and local cuisine? Provide a brief description of each day's activities and how they showcase the best of Japan.",566,128,argonne-swing,40960.0,8105.6875,40960.0,7533.6875
1710875843.7658587,start-inference-1-2,16.253281354904175,1554373,1546883,512,54,2,falcon-7b,2,"Imagine you are a travel guide. Can you recommend a 7-day itinerary for a trip to Japan, including must-visit destinations, cultural experiences, and local cuisine? Provide a brief description of each day's activities and how they showcase the best of Japan.",566,128,argonne-swing,40960.0,8105.6875,40960.0,7533.6875
1710875860.0311775,start-inference-1-3,7.4840006828308105,705107,700097,512,54,3,falcon-7b,2,"Imagine you are a travel guide. Can you recommend a 7-day itinerary for a trip to Japan, including must-visit destinations, cultural experiences, and local cuisine? Provide a brief description of each day's activities and how they showcase the best of Japan.",290,128,argonne-swing,40960.0,8105.6875,40960.0,7533.6875
1710875867.5294483,start-inference-1-4,16.260648727416992,1555859,1536783,512,54,4,falcon-7b,2,"Imagine you are a travel guide. Can you recommend a 7-day itinerary for a trip to Japan, including must-visit destinations, cultural experiences, and local cuisine? Provide a brief description of each day's activities and how they showcase the best of Japan.",566,128,argonne-swing,40960.0,8105.6875,40960.0,7533.6875
1710875883.8020768,start-inference-E-0,0.04326128959655762,9500,9047,512,71,0,falcon-7b,2,"As an AI language model, you have the ability to process and generate human-like text. Can you discuss the potential implications of advanced AI systems like yourself on various industries, such as healthcare, education, and creative fields? Consider the benefits, challenges, and ethical considerations surrounding the integration of AI in these sectors. Provide specific examples to support your analysis.",71,128,argonne-swing,40960.0,8105.6875,40960.0,7535.6875
1710875883.8568037,start-inference-1-1,0.07265305519104004,0,9258,512,71,1,falcon-7b,2,"As an AI language model, you have the ability to process and generate human-like text. Can you discuss the potential implications of advanced AI systems like yourself on various industries, such as healthcare, education, and creative fields? Consider the benefits, challenges, and ethical considerations surrounding the integration of AI in these sectors. Provide specific examples to support your analysis.",72,128,argonne-swing,40960.0,8105.6875,40960.0,7535.6875
1710875883.9395168,start-inference-1-2,1.2370429039001465,113576,111584,512,71,2,falcon-7b,2,"As an AI language model, you have the ability to process and generate human-like text. Can you discuss the potential implications of advanced AI systems like yourself on various industries, such as healthcare, education, and creative fields? Consider the benefits, challenges, and ethical considerations surrounding the integration of AI in these sectors. Provide specific examples to support your analysis.",109,128,argonne-swing,40960.0,8105.6875,40960.0,7535.6875
1710875885.1896424,start-inference-1-3,0.040993690490722656,0,9142,512,71,3,falcon-7b,2,"As an AI language model, you have the ability to process and generate human-like text. Can you discuss the potential implications of advanced AI systems like yourself on various industries, such as healthcare, education, and creative fields? Consider the benefits, challenges, and ethical considerations surrounding the integration of AI in these sectors. Provide specific examples to support your analysis.",71,128,argonne-swing,40960.0,8105.6875,40960.0,7535.6875
1710875885.2398195,start-inference-1-4,2.407548189163208,217567,224297,512,71,4,falcon-7b,2,"As an AI language model, you have the ability to process and generate human-like text. Can you discuss the potential implications of advanced AI systems like yourself on various industries, such as healthcare, education, and creative fields? Consider the benefits, challenges, and ethical considerations surrounding the integration of AI in these sectors. Provide specific examples to support your analysis.",146,128,argonne-swing,40960.0,8105.6875,40960.0,7535.6875
