1711639417.8471038,tokenizer,0.34183549880981445,22384,256,0,0,Llama-2-7b-chat-hf,1,startup,0,32,Swing,48,40960.0,14025.6875
1711639418.1889393,model load,33.739052057266235,2033464,256,0,0,Llama-2-7b-chat-hf,1,startup,0,32,Swing,48,40960.0,14025.6875
1711639451.9429982,start-inference-A-0,8.943702459335327,1903367,256,9,0,Llama-2-7b-chat-hf,1,What is the largest city in France?,265,32,Swing,48,40960.0,14487.6875
1711639460.931183,start-inference-A-1,7.64150333404541,1817192,256,9,1,Llama-2-7b-chat-hf,1,What is the largest city in France?,265,32,Swing,48,40960.0,14487.6875
1711639468.5838065,start-inference-A-2,7.622966289520264,1860803,256,9,2,Llama-2-7b-chat-hf,1,What is the largest city in France?,265,32,Swing,48,40960.0,14487.6875
1711639476.215939,start-inference-A-3,7.108461380004883,1706896,256,9,3,Llama-2-7b-chat-hf,1,What is the largest city in France?,248,32,Swing,48,40960.0,14359.6875
1711639483.334871,start-inference-A-4,7.798086881637573,1899355,256,9,4,Llama-2-7b-chat-hf,1,What is the largest city in France?,265,32,Swing,48,40960.0,14487.6875
1711639491.1420305,start-inference-A-5,7.239900827407837,1749733,256,9,5,Llama-2-7b-chat-hf,1,What is the largest city in France?,252,32,Swing,48,40960.0,14359.6875
1711639498.39322,start-inference-A-6,7.652413606643677,1880392,256,9,6,Llama-2-7b-chat-hf,1,What is the largest city in France?,264,32,Swing,48,40960.0,14487.6875
1711639506.05517,start-inference-B-0,7.763083457946777,1967578,256,21,0,Llama-2-7b-chat-hf,1,Can you explain the difference between a simile an,277,32,Swing,48,40960.0,14487.6875
1711639513.8289516,start-inference-B-1,7.92226505279541,2005707,256,21,1,Llama-2-7b-chat-hf,1,Can you explain the difference between a simile an,277,32,Swing,48,40960.0,14487.6875
1711639521.7618217,start-inference-B-2,7.763423204421997,1989602,256,21,2,Llama-2-7b-chat-hf,1,Can you explain the difference between a simile an,277,32,Swing,48,40960.0,14487.6875
1711639529.5370977,start-inference-B-3,7.7386884689331055,2001620,256,21,3,Llama-2-7b-chat-hf,1,Can you explain the difference between a simile an,277,32,Swing,48,40960.0,14487.6875
1711639537.2857482,start-inference-B-4,7.760355472564697,2016419,256,21,4,Llama-2-7b-chat-hf,1,Can you explain the difference between a simile an,277,32,Swing,48,40960.0,14487.6875
1711639545.3667407,start-inference-B-5,7.090675592422485,1746903,256,21,5,Llama-2-7b-chat-hf,1,Can you explain the difference between a simile an,254,32,Swing,48,40960.0,14359.6875
1711639552.4692943,start-inference-B-6,7.752416133880615,2002135,256,21,6,Llama-2-7b-chat-hf,1,Can you explain the difference between a simile an,277,32,Swing,48,40960.0,14487.6875
1711639560.2299218,start-inference-C-0,7.909457206726074,2158461,256,38,0,Llama-2-7b-chat-hf,1,What are some effective strategies for managing st,294,32,Swing,48,40960.0,14487.6875
1711639568.1482747,start-inference-C-1,7.924835681915283,2161045,256,38,1,Llama-2-7b-chat-hf,1,What are some effective strategies for managing st,294,32,Swing,48,40960.0,14487.6875
1711639576.0827131,start-inference-C-2,7.9025068283081055,2140539,256,38,2,Llama-2-7b-chat-hf,1,What are some effective strategies for managing st,294,32,Swing,48,40960.0,14487.6875
1711639583.9942622,start-inference-C-3,7.8086998462677,2104845,256,38,3,Llama-2-7b-chat-hf,1,What are some effective strategies for managing st,286,32,Swing,48,40960.0,14487.6875
1711639591.8132856,start-inference-C-4,7.928610801696777,2165083,256,38,4,Llama-2-7b-chat-hf,1,What are some effective strategies for managing st,294,32,Swing,48,40960.0,14487.6875
1711639599.7502925,start-inference-C-5,7.92261004447937,2172913,256,38,5,Llama-2-7b-chat-hf,1,What are some effective strategies for managing st,294,32,Swing,48,40960.0,14487.6875
1711639607.6823597,start-inference-C-6,7.927594900131226,2174148,256,38,6,Llama-2-7b-chat-hf,1,What are some effective strategies for managing st,294,32,Swing,48,40960.0,14487.6875
1711639615.6203382,start-inference-D-0,8.464339017868042,2471977,256,78,0,Llama-2-7b-chat-hf,1,Imagine you are an expert travel guide for Japan.,334,32,Swing,48,40960.0,14487.6875
1711639624.1136062,start-inference-D-1,8.287378549575806,2469514,256,78,1,Llama-2-7b-chat-hf,1,Imagine you are an expert travel guide for Japan.,334,32,Swing,48,40960.0,14487.6875
1711639632.411161,start-inference-D-2,8.28817892074585,2476460,256,78,2,Llama-2-7b-chat-hf,1,Imagine you are an expert travel guide for Japan.,334,32,Swing,48,40960.0,14485.6875
1711639640.7078023,start-inference-D-3,8.292149782180786,2489084,256,78,3,Llama-2-7b-chat-hf,1,Imagine you are an expert travel guide for Japan.,334,32,Swing,48,40960.0,14487.6875
1711639649.0094323,start-inference-D-4,8.45954155921936,2552194,256,78,4,Llama-2-7b-chat-hf,1,Imagine you are an expert travel guide for Japan.,334,32,Swing,48,40960.0,14487.6875
1711639657.4781935,start-inference-D-5,8.293208360671997,2498760,256,78,5,Llama-2-7b-chat-hf,1,Imagine you are an expert travel guide for Japan.,334,32,Swing,48,40960.0,14487.6875
1711639665.7801626,start-inference-D-6,8.297648906707764,2534387,256,78,6,Llama-2-7b-chat-hf,1,Imagine you are an expert travel guide for Japan.,334,32,Swing,48,40960.0,14487.6875
1711639674.086301,start-inference-E-0,9.195358991622925,3095473,256,154,0,Llama-2-7b-chat-hf,1,"As an AI language model, you possess the capabilit",410,32,Swing,48,40960.0,14481.6875
1711639683.3177273,start-inference-E-1,9.365747928619385,3121426,256,154,1,Llama-2-7b-chat-hf,1,"As an AI language model, you possess the capabilit",410,32,Swing,48,40960.0,14481.6875
1711639692.694607,start-inference-E-2,9.197809219360352,3091357,256,154,2,Llama-2-7b-chat-hf,1,"As an AI language model, you possess the capabilit",410,32,Swing,48,40960.0,14481.6875
1711639701.9008343,start-inference-E-3,9.191475629806519,3126222,256,154,3,Llama-2-7b-chat-hf,1,"As an AI language model, you possess the capabilit",410,32,Swing,48,40960.0,14481.6875
1711639711.1013823,start-inference-E-4,9.29433274269104,3078995,256,154,4,Llama-2-7b-chat-hf,1,"As an AI language model, you possess the capabilit",410,32,Swing,48,40960.0,14481.6875
1711639720.4054325,start-inference-E-5,9.202993154525757,3115394,256,154,5,Llama-2-7b-chat-hf,1,"As an AI language model, you possess the capabilit",410,32,Swing,48,40960.0,14481.6875
1711639729.6212523,start-inference-E-6,9.224963903427124,3097315,256,154,6,Llama-2-7b-chat-hf,1,"As an AI language model, you possess the capabilit",410,32,Swing,48,40960.0,14481.6875
1711639738.8546634,start-inference-F-0,11.233326435089111,4045402,256,267,0,Llama-2-7b-chat-hf,1,/* An improved random number generation package.,523,32,Swing,48,40960.0,14451.6875
1711639750.0980682,start-inference-F-1,11.360415697097778,4093874,256,267,1,Llama-2-7b-chat-hf,1,/* An improved random number generation package.,523,32,Swing,48,40960.0,14453.6875
1711639761.4691818,start-inference-F-2,11.23871922492981,4074151,256,267,2,Llama-2-7b-chat-hf,1,/* An improved random number generation package.,523,32,Swing,48,40960.0,14453.6875
1711639772.7176514,start-inference-F-3,11.24072003364563,4055556,256,267,3,Llama-2-7b-chat-hf,1,/* An improved random number generation package.,523,32,Swing,48,40960.0,14451.6875
1711639783.966682,start-inference-F-4,11.358326435089111,4046924,256,267,4,Llama-2-7b-chat-hf,1,/* An improved random number generation package.,523,32,Swing,48,40960.0,14451.6875
1711639795.3341565,start-inference-F-5,11.237576723098755,4057293,256,267,5,Llama-2-7b-chat-hf,1,/* An improved random number generation package.,523,32,Swing,48,40960.0,14453.6875
1711639806.5839975,start-inference-F-6,11.234185218811035,4057866,256,267,6,Llama-2-7b-chat-hf,1,/* An improved random number generation package.,523,32,Swing,48,40960.0,14451.6875
1711639817.8265154,start-inference-G-0,16.062528371810913,6288218,256,541,0,Llama-2-7b-chat-hf,1,/*This is a version (aka ptmalloc2) of malloc/free,797,32,Swing,48,40960.0,14545.6875
1711639833.8999474,start-inference-G-1,15.981621503829956,6270326,256,541,1,Llama-2-7b-chat-hf,1,/*This is a version (aka ptmalloc2) of malloc/free,797,32,Swing,48,40960.0,14543.6875
1711639849.8918908,start-inference-G-2,16.058789014816284,6289413,256,541,2,Llama-2-7b-chat-hf,1,/*This is a version (aka ptmalloc2) of malloc/free,797,32,Swing,48,40960.0,14545.6875
1711639865.9606385,start-inference-G-3,16.014561414718628,6271627,256,541,3,Llama-2-7b-chat-hf,1,/*This is a version (aka ptmalloc2) of malloc/free,797,32,Swing,48,40960.0,14545.6875
1711639881.9838784,start-inference-G-4,16.074030876159668,6331694,256,541,4,Llama-2-7b-chat-hf,1,/*This is a version (aka ptmalloc2) of malloc/free,797,32,Swing,48,40960.0,14545.6875
1711639898.0685782,start-inference-G-5,16.02548861503601,6297018,256,541,5,Llama-2-7b-chat-hf,1,/*This is a version (aka ptmalloc2) of malloc/free,797,32,Swing,48,40960.0,14545.6875
1711639914.104594,start-inference-G-6,16.05454182624817,6338184,256,541,6,Llama-2-7b-chat-hf,1,/*This is a version (aka ptmalloc2) of malloc/free,797,32,Swing,48,40960.0,14545.6875
1711639930.1682472,start-inference-H-0,26.644121646881104,10506018,256,986,0,Llama-2-7b-chat-hf,1,"/void _quicksort (void *const pbase, size_t total_",1242,32,Swing,48,40960.0,18097.6875
1711639956.83016,start-inference-H-1,26.57628583908081,10497795,256,986,1,Llama-2-7b-chat-hf,1,"/void _quicksort (void *const pbase, size_t total_",1242,32,Swing,48,40960.0,18099.6875
1711639983.4231393,start-inference-H-2,26.55879044532776,10484625,256,986,2,Llama-2-7b-chat-hf,1,"/void _quicksort (void *const pbase, size_t total_",1242,32,Swing,48,40960.0,18097.6875
1711640009.9978325,start-inference-H-3,26.56918215751648,10454747,256,986,3,Llama-2-7b-chat-hf,1,"/void _quicksort (void *const pbase, size_t total_",1242,32,Swing,48,40960.0,18099.6875
1711640036.583941,start-inference-H-4,26.57127332687378,10499295,256,986,4,Llama-2-7b-chat-hf,1,"/void _quicksort (void *const pbase, size_t total_",1242,32,Swing,48,40960.0,18097.6875
1711640063.177017,start-inference-H-5,26.59835410118103,10493508,256,986,5,Llama-2-7b-chat-hf,1,"/void _quicksort (void *const pbase, size_t total_",1242,32,Swing,48,40960.0,18097.6875
1711640089.7959793,start-inference-H-6,26.600219249725342,10488994,256,986,6,Llama-2-7b-chat-hf,1,"/void _quicksort (void *const pbase, size_t total_",1242,32,Swing,48,40960.0,18097.6875
1711640116.4127674,start-inference-I-0,54.067633390426636,21335102,256,2117,0,Llama-2-7b-chat-hf,1,"#include <alloca.h>
#include <limits.h>
#include <",2373,32,Swing,48,40960.0,23421.6875
1711640170.5078993,start-inference-I-1,53.68885064125061,21260553,256,2117,1,Llama-2-7b-chat-hf,1,"#include <alloca.h>
#include <limits.h>
#include <",2373,32,Swing,48,40960.0,23423.6875
1711640224.2204757,start-inference-I-2,53.68434715270996,21281957,256,2117,2,Llama-2-7b-chat-hf,1,"#include <alloca.h>
#include <limits.h>
#include <",2373,32,Swing,48,40960.0,23423.6875
1711640277.9278193,start-inference-I-3,53.6895751953125,21301180,256,2117,3,Llama-2-7b-chat-hf,1,"#include <alloca.h>
#include <limits.h>
#include <",2373,32,Swing,48,40960.0,23423.6875
1711640331.641271,start-inference-I-4,53.64422655105591,21277767,256,2117,4,Llama-2-7b-chat-hf,1,"#include <alloca.h>
#include <limits.h>
#include <",2373,32,Swing,48,40960.0,23423.6875
1711640385.3090756,start-inference-I-5,53.70417284965515,21276878,256,2117,5,Llama-2-7b-chat-hf,1,"#include <alloca.h>
#include <limits.h>
#include <",2373,32,Swing,48,40960.0,23421.6875
1711640439.0414083,start-inference-I-6,53.69963812828064,21293480,256,2117,6,Llama-2-7b-chat-hf,1,"#include <alloca.h>
#include <limits.h>
#include <",2373,32,Swing,48,40960.0,23421.6875
1711735157.7081897,tokenizer,0.34642982482910156,15068,8,0,0,Llama-2-7b-chat-hf,1,startup,0,32,Swing,16,40960.0,14025.6875
1711735158.0546196,model load,34.04297685623169,1881032,8,0,0,Llama-2-7b-chat-hf,1,startup,0,32,Swing,16,40960.0,14025.6875
1711735192.1374009,start-inference-8-0,3.21694016456604,189568,8,38,0,Llama-2-7b-chat-hf,1,What are some effective strategies for managing st,46,32,Swing,16,40960.0,14317.6875
1711735195.3997552,start-inference-8-1,0.23713374137878418,32116,8,38,1,Llama-2-7b-chat-hf,1,What are some effective strategies for managing st,46,32,Swing,16,40960.0,14317.6875
1711735195.6440916,start-inference-8-2,0.23547148704528809,32903,8,38,2,Llama-2-7b-chat-hf,1,What are some effective strategies for managing st,46,32,Swing,16,40960.0,14317.6875
1711735195.9045591,start-inference-8-3,0.23540043830871582,32069,8,38,3,Llama-2-7b-chat-hf,1,What are some effective strategies for managing st,46,32,Swing,16,40960.0,14317.6875
1711735196.1465337,start-inference-8-4,0.23592448234558105,32724,8,38,4,Llama-2-7b-chat-hf,1,What are some effective strategies for managing st,46,32,Swing,16,40960.0,14317.6875
1711735196.3903127,start-inference-8-5,0.23456931114196777,49509,8,38,5,Llama-2-7b-chat-hf,1,What are some effective strategies for managing st,46,32,Swing,16,40960.0,14317.6875
1711735196.6313925,start-inference-8-6,0.23470568656921387,32455,8,38,6,Llama-2-7b-chat-hf,1,What are some effective strategies for managing st,46,32,Swing,16,40960.0,14317.6875
1711735196.872699,start-inference-16-0,0.46513819694519043,84181,16,38,0,Llama-2-7b-chat-hf,1,What are some effective strategies for managing st,54,32,Swing,16,40960.0,14319.6875
1711735197.3460531,start-inference-16-1,0.4659693241119385,84822,16,38,1,Llama-2-7b-chat-hf,1,What are some effective strategies for managing st,54,32,Swing,16,40960.0,14319.6875
1711735197.8189244,start-inference-16-2,0.46582865715026855,67554,16,38,2,Llama-2-7b-chat-hf,1,What are some effective strategies for managing st,54,32,Swing,16,40960.0,14319.6875
1711735198.2958176,start-inference-16-3,0.48415231704711914,82733,16,38,3,Llama-2-7b-chat-hf,1,What are some effective strategies for managing st,54,32,Swing,16,40960.0,14319.6875
1711735198.7869425,start-inference-16-4,0.4654858112335205,84417,16,38,4,Llama-2-7b-chat-hf,1,What are some effective strategies for managing st,54,32,Swing,16,40960.0,14317.6875
1711735199.2606156,start-inference-16-5,0.4647204875946045,84986,16,38,5,Llama-2-7b-chat-hf,1,What are some effective strategies for managing st,54,32,Swing,16,40960.0,14317.6875
1711735199.7318406,start-inference-16-6,0.4664609432220459,67185,16,38,6,Llama-2-7b-chat-hf,1,What are some effective strategies for managing st,54,32,Swing,16,40960.0,14317.6875
1711735200.206703,start-inference-32-0,0.928276777267456,174803,32,38,0,Llama-2-7b-chat-hf,1,What are some effective strategies for managing st,70,32,Swing,16,40960.0,14319.6875
1711735201.1421545,start-inference-32-1,0.9319021701812744,156709,32,38,1,Llama-2-7b-chat-hf,1,What are some effective strategies for managing st,70,32,Swing,16,40960.0,14319.6875
1711735202.082752,start-inference-32-2,0.9302933216094971,157053,32,38,2,Llama-2-7b-chat-hf,1,What are some effective strategies for managing st,70,32,Swing,16,40960.0,14319.6875
1711735203.0209064,start-inference-32-3,0.9279758930206299,175818,32,38,3,Llama-2-7b-chat-hf,1,What are some effective strategies for managing st,70,32,Swing,16,40960.0,14319.6875
1711735203.9573789,start-inference-32-4,0.927138090133667,158046,32,38,4,Llama-2-7b-chat-hf,1,What are some effective strategies for managing st,70,32,Swing,16,40960.0,14319.6875
1711735204.8916981,start-inference-32-5,0.9285492897033691,157422,32,38,5,Llama-2-7b-chat-hf,1,What are some effective strategies for managing st,70,32,Swing,16,40960.0,14319.6875
1711735205.8288827,start-inference-32-6,0.9274272918701172,157650,32,38,6,Llama-2-7b-chat-hf,1,What are some effective strategies for managing st,70,32,Swing,16,40960.0,14319.6875
1711735206.763353,start-inference-64-0,1.8703010082244873,361206,64,38,0,Llama-2-7b-chat-hf,1,What are some effective strategies for managing st,102,32,Swing,16,40960.0,14355.6875
1711735208.6415367,start-inference-64-1,1.868685007095337,361019,64,38,1,Llama-2-7b-chat-hf,1,What are some effective strategies for managing st,102,32,Swing,16,40960.0,14355.6875
1711735210.5336123,start-inference-64-2,1.8671002388000488,360067,64,38,2,Llama-2-7b-chat-hf,1,What are some effective strategies for managing st,102,32,Swing,16,40960.0,14355.6875
1711735212.4088032,start-inference-64-3,1.8655736446380615,341110,64,38,3,Llama-2-7b-chat-hf,1,What are some effective strategies for managing st,102,32,Swing,16,40960.0,14355.6875
1711735214.2821827,start-inference-64-4,1.8644227981567383,362109,64,38,4,Llama-2-7b-chat-hf,1,What are some effective strategies for managing st,102,32,Swing,16,40960.0,14355.6875
1711735216.1811473,start-inference-64-5,1.8831813335418701,361100,64,38,5,Llama-2-7b-chat-hf,1,What are some effective strategies for managing st,102,32,Swing,16,40960.0,14355.6875
1711735218.073461,start-inference-64-6,1.8685369491577148,368046,64,38,6,Llama-2-7b-chat-hf,1,What are some effective strategies for managing st,102,32,Swing,16,40960.0,14355.6875
1711735219.9534032,start-inference-128-0,3.7448723316192627,823971,128,38,0,Llama-2-7b-chat-hf,1,What are some effective strategies for managing st,166,32,Swing,16,40960.0,14359.6875
1711735223.708052,start-inference-128-1,3.9033827781677246,839040,128,38,1,Llama-2-7b-chat-hf,1,What are some effective strategies for managing st,166,32,Swing,16,40960.0,14359.6875
1711735227.6224425,start-inference-128-2,3.733767032623291,803069,128,38,2,Llama-2-7b-chat-hf,1,What are some effective strategies for managing st,166,32,Swing,16,40960.0,14359.6875
1711735231.3669152,start-inference-128-3,3.7447781562805176,802399,128,38,3,Llama-2-7b-chat-hf,1,What are some effective strategies for managing st,166,32,Swing,16,40960.0,14359.6875
1711735235.1223059,start-inference-128-4,3.7233448028564453,806874,128,38,4,Llama-2-7b-chat-hf,1,What are some effective strategies for managing st,166,32,Swing,16,40960.0,14359.6875
1711735238.8549798,start-inference-128-5,3.7266650199890137,836139,128,38,5,Llama-2-7b-chat-hf,1,What are some effective strategies for managing st,166,32,Swing,16,40960.0,14359.6875
1711735242.5916193,start-inference-128-6,3.722525119781494,807760,128,38,6,Llama-2-7b-chat-hf,1,What are some effective strategies for managing st,166,32,Swing,16,40960.0,14359.6875
1711735246.3222501,start-inference-256-0,7.80499005317688,2028471,256,38,0,Llama-2-7b-chat-hf,1,What are some effective strategies for managing st,294,32,Swing,16,40960.0,14487.6875
