1710810112.0620816,tokenizer,0.33437514305114746,19521,18650,17396,17047,128,0,0,Mistral-7B-v0.1,4,startup,0,32,argonne-swing,40960.0,4375.6875,40960.0,5005.6875,40960.0,5005.6875,40960.0,4375.6875
1710810112.3964567,model load,28.40306806564331,2011126,1935350,1814200,1777125,128,0,0,Mistral-7B-v0.1,4,startup,0,32,argonne-swing,40960.0,4375.6875,40960.0,5005.6875,40960.0,5005.6875,40960.0,4375.6875
1710810140.7995248,pipeline load,0.01891946792602539,0,0,6513,0,128,0,0,Mistral-7B-v0.1,4,startup,0,32,argonne-swing,40960.0,4375.6875,40960.0,5005.6875,40960.0,5005.6875,40960.0,4375.6875
1710810140.8556287,start-inference-A-0,8.984212875366211,692183,677774,634179,637863,128,8,0,Mistral-7B-v0.1,4,What is the capital of France?,136,32,argonne-swing,40960.0,4499.6875,40960.0,5129.6875,40960.0,5129.6875,40960.0,4495.6875
1710810149.8577278,start-inference-3-1,4.2218523025512695,359418,352358,333854,338934,128,8,1,Mistral-7B-v0.1,4,What is the capital of France?,136,32,argonne-swing,40960.0,4499.6875,40960.0,5129.6875,40960.0,5129.6875,40960.0,4495.6875
1710810154.0983605,start-inference-3-2,4.230668783187866,359281,351110,332542,339533,128,8,2,Mistral-7B-v0.1,4,What is the capital of France?,136,32,argonne-swing,40960.0,4499.6875,40960.0,5129.6875,40960.0,5129.6875,40960.0,4495.6875
1710810158.347909,start-inference-3-3,4.22072958946228,358830,353214,334978,340523,128,8,3,Mistral-7B-v0.1,4,What is the capital of France?,136,32,argonne-swing,40960.0,4499.6875,40960.0,5129.6875,40960.0,5129.6875,40960.0,4495.6875
1710810162.5894809,start-inference-3-4,4.222732067108154,359421,352247,333292,339201,128,8,4,Mistral-7B-v0.1,4,What is the capital of France?,136,32,argonne-swing,40960.0,4499.6875,40960.0,5129.6875,40960.0,5129.6875,40960.0,4495.6875
1710810166.836191,start-inference-B-0,4.257277250289917,367023,353167,342486,340113,128,22,0,Mistral-7B-v0.1,4,Can you explain the difference between a simile and a metaphor? Provide an example of each.,150,32,argonne-swing,40960.0,4499.6875,40960.0,5129.6875,40960.0,5129.6875,40960.0,4497.6875
1710810171.1133907,start-inference-3-1,4.412420272827148,374354,366954,346948,352675,128,22,1,Mistral-7B-v0.1,4,Can you explain the difference between a simile and a metaphor? Provide an example of each.,150,32,argonne-swing,40960.0,4499.6875,40960.0,5129.6875,40960.0,5129.6875,40960.0,4497.6875
1710810175.5448685,start-inference-3-2,4.2322998046875,359445,352594,334740,340745,128,22,2,Mistral-7B-v0.1,4,Can you explain the difference between a simile and a metaphor? Provide an example of each.,150,32,argonne-swing,40960.0,4499.6875,40960.0,5129.6875,40960.0,5129.6875,40960.0,4497.6875
1710810179.7975776,start-inference-3-3,4.224034309387207,359970,353349,335196,340199,128,22,3,Mistral-7B-v0.1,4,Can you explain the difference between a simile and a metaphor? Provide an example of each.,150,32,argonne-swing,40960.0,4499.6875,40960.0,5129.6875,40960.0,5129.6875,40960.0,4497.6875
1710810184.0393586,start-inference-3-4,2.2168161869049072,188002,184612,174729,177841,128,22,4,Mistral-7B-v0.1,4,Can you explain the difference between a simile and a metaphor? Provide an example of each.,88,32,argonne-swing,40960.0,4499.6875,40960.0,5129.6875,40960.0,5129.6875,40960.0,4497.6875
1710810186.2763722,start-inference-C-0,4.248754501342773,359579,352666,334844,340313,128,27,0,Mistral-7B-v0.1,4,"What are some effective strategies for managing stress and maintaining good mental health during challenging times, such as a pandemic or a personal crisis?",155,32,argonne-swing,40960.0,4499.6875,40960.0,5129.6875,40960.0,5129.6875,40960.0,4497.6875
1710810190.5472875,start-inference-3-1,4.229656219482422,359725,354092,334660,340325,128,27,1,Mistral-7B-v0.1,4,"What are some effective strategies for managing stress and maintaining good mental health during challenging times, such as a pandemic or a personal crisis?",155,32,argonne-swing,40960.0,4499.6875,40960.0,5129.6875,40960.0,5129.6875,40960.0,4497.6875
1710810194.7996113,start-inference-3-2,4.234130382537842,359057,353708,342368,340543,128,27,2,Mistral-7B-v0.1,4,"What are some effective strategies for managing stress and maintaining good mental health during challenging times, such as a pandemic or a personal crisis?",155,32,argonne-swing,40960.0,4499.6875,40960.0,5129.6875,40960.0,5129.6875,40960.0,4497.6875
1710810199.0586348,start-inference-3-3,4.233269453048706,359571,353323,334815,340496,128,27,3,Mistral-7B-v0.1,4,"What are some effective strategies for managing stress and maintaining good mental health during challenging times, such as a pandemic or a personal crisis?",155,32,argonne-swing,40960.0,4499.6875,40960.0,5129.6875,40960.0,5129.6875,40960.0,4497.6875
1710810203.3110461,start-inference-3-4,4.411792039871216,375373,361126,348944,352404,128,27,4,Mistral-7B-v0.1,4,"What are some effective strategies for managing stress and maintaining good mental health during challenging times, such as a pandemic or a personal crisis?",155,32,argonne-swing,40960.0,4499.6875,40960.0,5129.6875,40960.0,5129.6875,40960.0,4497.6875
1710810207.741589,start-inference-D-0,4.2452592849731445,361065,352570,334895,341436,128,61,0,Mistral-7B-v0.1,4,"Imagine you are a travel guide. Can you recommend a 7-day itinerary for a trip to Japan, including must-visit destinations, cultural experiences, and local cuisine? Provide a brief description of each day's activities and how they showcase the best of Japan.",189,32,argonne-swing,40960.0,4501.6875,40960.0,5131.6875,40960.0,5131.6875,40960.0,4497.6875
1710810212.0036998,start-inference-3-1,4.236143350601196,368588,353587,343374,341772,128,61,1,Mistral-7B-v0.1,4,"Imagine you are a travel guide. Can you recommend a 7-day itinerary for a trip to Japan, including must-visit destinations, cultural experiences, and local cuisine? Provide a brief description of each day's activities and how they showcase the best of Japan.",189,32,argonne-swing,40960.0,4501.6875,40960.0,5131.6875,40960.0,5131.6875,40960.0,4497.6875
1710810216.2617378,start-inference-3-2,4.241352319717407,362161,362745,334355,340724,128,61,2,Mistral-7B-v0.1,4,"Imagine you are a travel guide. Can you recommend a 7-day itinerary for a trip to Japan, including must-visit destinations, cultural experiences, and local cuisine? Provide a brief description of each day's activities and how they showcase the best of Japan.",189,32,argonne-swing,40960.0,4501.6875,40960.0,5131.6875,40960.0,5131.6875,40960.0,4497.6875
1710810220.525462,start-inference-3-3,4.237842559814453,360658,353911,335075,349109,128,61,3,Mistral-7B-v0.1,4,"Imagine you are a travel guide. Can you recommend a 7-day itinerary for a trip to Japan, including must-visit destinations, cultural experiences, and local cuisine? Provide a brief description of each day's activities and how they showcase the best of Japan.",189,32,argonne-swing,40960.0,4501.6875,40960.0,5131.6875,40960.0,5131.6875,40960.0,4497.6875
1710810224.7857857,start-inference-3-4,4.2355968952178955,361178,354775,335375,340937,128,61,4,Mistral-7B-v0.1,4,"Imagine you are a travel guide. Can you recommend a 7-day itinerary for a trip to Japan, including must-visit destinations, cultural experiences, and local cuisine? Provide a brief description of each day's activities and how they showcase the best of Japan.",189,32,argonne-swing,40960.0,4501.6875,40960.0,5131.6875,40960.0,5131.6875,40960.0,4497.6875
1710810229.0452924,start-inference-E-0,4.324998140335083,368930,370408,341654,349063,128,74,0,Mistral-7B-v0.1,4,"As an AI language model, you have the ability to process and generate human-like text. Can you discuss the potential implications of advanced AI systems like yourself on various industries, such as healthcare, education, and creative fields? Consider the benefits, challenges, and ethical considerations surrounding the integration of AI in these sectors. Provide specific examples to support your analysis.",202,32,argonne-swing,40960.0,4503.6875,40960.0,5131.6875,40960.0,5131.6875,40960.0,4517.6875
1710810233.3916023,start-inference-3-1,4.2473859786987305,361316,354793,334338,349237,128,74,1,Mistral-7B-v0.1,4,"As an AI language model, you have the ability to process and generate human-like text. Can you discuss the potential implications of advanced AI systems like yourself on various industries, such as healthcare, education, and creative fields? Consider the benefits, challenges, and ethical considerations surrounding the integration of AI in these sectors. Provide specific examples to support your analysis.",202,32,argonne-swing,40960.0,4503.6875,40960.0,5131.6875,40960.0,5131.6875,40960.0,4517.6875
1710810237.6585948,start-inference-3-2,4.428018093109131,374643,367825,350417,354366,128,74,2,Mistral-7B-v0.1,4,"As an AI language model, you have the ability to process and generate human-like text. Can you discuss the potential implications of advanced AI systems like yourself on various industries, such as healthcare, education, and creative fields? Consider the benefits, challenges, and ethical considerations surrounding the integration of AI in these sectors. Provide specific examples to support your analysis.",202,32,argonne-swing,40960.0,4503.6875,40960.0,5131.6875,40960.0,5131.6875,40960.0,4517.6875
1710810242.1050348,start-inference-3-3,4.2479565143585205,360474,362588,335015,341268,128,74,3,Mistral-7B-v0.1,4,"As an AI language model, you have the ability to process and generate human-like text. Can you discuss the potential implications of advanced AI systems like yourself on various industries, such as healthcare, education, and creative fields? Consider the benefits, challenges, and ethical considerations surrounding the integration of AI in these sectors. Provide specific examples to support your analysis.",202,32,argonne-swing,40960.0,4503.6875,40960.0,5131.6875,40960.0,5131.6875,40960.0,4517.6875
1710810246.3730536,start-inference-3-4,4.246008396148682,360334,353829,336334,349088,128,74,4,Mistral-7B-v0.1,4,"As an AI language model, you have the ability to process and generate human-like text. Can you discuss the potential implications of advanced AI systems like yourself on various industries, such as healthcare, education, and creative fields? Consider the benefits, challenges, and ethical considerations surrounding the integration of AI in these sectors. Provide specific examples to support your analysis.",202,32,argonne-swing,40960.0,4503.6875,40960.0,5131.6875,40960.0,5131.6875,40960.0,4517.6875
1710810275.804892,tokenizer,0.17410540580749512,6559,6241,11664,11421,256,0,0,Mistral-7B-v0.1,4,startup,0,32,argonne-swing,40960.0,4375.6875,40960.0,5005.6875,40960.0,5005.6875,40960.0,4375.6875
1710810275.9789975,model load,18.50261092185974,1293794,1242393,1168979,1139163,256,0,0,Mistral-7B-v0.1,4,startup,0,32,argonne-swing,40960.0,4375.6875,40960.0,5005.6875,40960.0,5005.6875,40960.0,4375.6875
1710810294.4816084,pipeline load,0.015182971954345703,7077,6803,0,0,256,0,0,Mistral-7B-v0.1,4,startup,0,32,argonne-swing,40960.0,4375.6875,40960.0,5005.6875,40960.0,5005.6875,40960.0,4375.6875
1710810294.5367568,start-inference-A-0,9.79698395729065,813276,795302,763125,771593,256,8,0,Mistral-7B-v0.1,4,What is the capital of France?,264,32,argonne-swing,40960.0,4509.6875,40960.0,5141.6875,40960.0,5141.6875,40960.0,4505.6875
1710810304.3556855,start-inference-3-1,8.682914018630981,733710,721471,684897,693345,256,8,1,Mistral-7B-v0.1,4,What is the capital of France?,264,32,argonne-swing,40960.0,4509.6875,40960.0,5141.6875,40960.0,5141.6875,40960.0,4505.6875
1710810313.0619497,start-inference-3-2,8.524307250976562,727733,714693,677001,680917,256,8,2,Mistral-7B-v0.1,4,What is the capital of France?,264,32,argonne-swing,40960.0,4509.6875,40960.0,5141.6875,40960.0,5141.6875,40960.0,4505.6875
1710810321.6064856,start-inference-3-3,8.539533138275146,727172,713746,676374,687291,256,8,3,Mistral-7B-v0.1,4,What is the capital of France?,264,32,argonne-swing,40960.0,4509.6875,40960.0,5141.6875,40960.0,5141.6875,40960.0,4505.6875
1710810330.1656053,start-inference-3-4,8.533037185668945,728126,715051,669614,686789,256,8,4,Mistral-7B-v0.1,4,What is the capital of France?,264,32,argonne-swing,40960.0,4509.6875,40960.0,5141.6875,40960.0,5141.6875,40960.0,4505.6875
1710810338.7228029,start-inference-B-0,8.724797487258911,747951,727468,681521,707264,256,22,0,Mistral-7B-v0.1,4,Can you explain the difference between a simile and a metaphor? Provide an example of each.,278,32,argonne-swing,40960.0,4509.6875,40960.0,5141.6875,40960.0,5141.6875,40960.0,4507.6875
1710810347.4869366,start-inference-3-1,8.528772354125977,730198,706641,677940,690263,256,22,1,Mistral-7B-v0.1,4,Can you explain the difference between a simile and a metaphor? Provide an example of each.,278,32,argonne-swing,40960.0,4509.6875,40960.0,5141.6875,40960.0,5141.6875,40960.0,4507.6875
1710810356.0387678,start-inference-3-2,8.528236150741577,730180,707692,676789,690443,256,22,2,Mistral-7B-v0.1,4,Can you explain the difference between a simile and a metaphor? Provide an example of each.,278,32,argonne-swing,40960.0,4509.6875,40960.0,5141.6875,40960.0,5141.6875,40960.0,4507.6875
1710810364.585894,start-inference-3-3,8.535825967788696,728168,707674,677032,690525,256,22,3,Mistral-7B-v0.1,4,Can you explain the difference between a simile and a metaphor? Provide an example of each.,278,32,argonne-swing,40960.0,4509.6875,40960.0,5141.6875,40960.0,5141.6875,40960.0,4507.6875
1710810373.1414626,start-inference-3-4,8.709239959716797,734629,723252,693684,701834,256,22,4,Mistral-7B-v0.1,4,Can you explain the difference between a simile and a metaphor? Provide an example of each.,278,32,argonne-swing,40960.0,4509.6875,40960.0,5141.6875,40960.0,5141.6875,40960.0,4507.6875
1710810381.8714757,start-inference-C-0,8.516071081161499,730604,716199,670854,690684,256,27,0,Mistral-7B-v0.1,4,"What are some effective strategies for managing stress and maintaining good mental health during challenging times, such as a pandemic or a personal crisis?",283,32,argonne-swing,40960.0,4511.6875,40960.0,5141.6875,40960.0,5141.6875,40960.0,4507.6875
1710810390.4074259,start-inference-3-1,8.515727758407593,730673,716685,671962,683379,256,27,1,Mistral-7B-v0.1,4,"What are some effective strategies for managing stress and maintaining good mental health during challenging times, such as a pandemic or a personal crisis?",283,32,argonne-swing,40960.0,4511.6875,40960.0,5141.6875,40960.0,5141.6875,40960.0,4507.6875
1710810398.9460804,start-inference-3-2,8.515324592590332,730245,719158,679718,682078,256,27,2,Mistral-7B-v0.1,4,"What are some effective strategies for managing stress and maintaining good mental health during challenging times, such as a pandemic or a personal crisis?",283,32,argonne-swing,40960.0,4511.6875,40960.0,5141.6875,40960.0,5141.6875,40960.0,4507.6875
1710810407.483946,start-inference-3-3,8.706613540649414,746500,724185,689746,699366,256,27,3,Mistral-7B-v0.1,4,"What are some effective strategies for managing stress and maintaining good mental health during challenging times, such as a pandemic or a personal crisis?",283,32,argonne-swing,40960.0,4511.6875,40960.0,5141.6875,40960.0,5141.6875,40960.0,4507.6875
1710810416.2092335,start-inference-3-4,8.533154249191284,729012,716459,679667,689716,256,27,4,Mistral-7B-v0.1,4,"What are some effective strategies for managing stress and maintaining good mental health during challenging times, such as a pandemic or a personal crisis?",283,32,argonne-swing,40960.0,4511.6875,40960.0,5141.6875,40960.0,5141.6875,40960.0,4507.6875
1710810424.7629564,start-inference-D-0,8.530704736709595,732393,719189,678107,692386,256,61,0,Mistral-7B-v0.1,4,"Imagine you are a travel guide. Can you recommend a 7-day itinerary for a trip to Japan, including must-visit destinations, cultural experiences, and local cuisine? Provide a brief description of each day's activities and how they showcase the best of Japan.",317,32,argonne-swing,40960.0,4511.6875,40960.0,5141.6875,40960.0,5141.6875,40960.0,4507.6875
1710810433.315673,start-inference-3-1,8.531896829605103,731225,717929,679198,691510,256,61,1,Mistral-7B-v0.1,4,"Imagine you are a travel guide. Can you recommend a 7-day itinerary for a trip to Japan, including must-visit destinations, cultural experiences, and local cuisine? Provide a brief description of each day's activities and how they showcase the best of Japan.",317,32,argonne-swing,40960.0,4511.6875,40960.0,5141.6875,40960.0,5141.6875,40960.0,4507.6875
1710810441.890824,start-inference-3-2,8.685269832611084,745434,732158,686452,695608,256,61,2,Mistral-7B-v0.1,4,"Imagine you are a travel guide. Can you recommend a 7-day itinerary for a trip to Japan, including must-visit destinations, cultural experiences, and local cuisine? Provide a brief description of each day's activities and how they showcase the best of Japan.",317,32,argonne-swing,40960.0,4511.6875,40960.0,5141.6875,40960.0,5141.6875,40960.0,4507.6875
1710810450.5948164,start-inference-3-3,8.557027101516724,729401,720107,682576,689381,256,61,3,Mistral-7B-v0.1,4,"Imagine you are a travel guide. Can you recommend a 7-day itinerary for a trip to Japan, including must-visit destinations, cultural experiences, and local cuisine? Provide a brief description of each day's activities and how they showcase the best of Japan.",317,32,argonne-swing,40960.0,4511.6875,40960.0,5141.6875,40960.0,5141.6875,40960.0,4507.6875
1710810459.1724179,start-inference-3-4,8.529314279556274,731582,719702,680608,682910,256,61,4,Mistral-7B-v0.1,4,"Imagine you are a travel guide. Can you recommend a 7-day itinerary for a trip to Japan, including must-visit destinations, cultural experiences, and local cuisine? Provide a brief description of each day's activities and how they showcase the best of Japan.",317,32,argonne-swing,40960.0,4511.6875,40960.0,5141.6875,40960.0,5141.6875,40960.0,4507.6875
1710810467.723978,start-inference-E-0,8.524930238723755,732524,720255,672230,679792,256,74,0,Mistral-7B-v0.1,4,"As an AI language model, you have the ability to process and generate human-like text. Can you discuss the potential implications of advanced AI systems like yourself on various industries, such as healthcare, education, and creative fields? Consider the benefits, challenges, and ethical considerations surrounding the integration of AI in these sectors. Provide specific examples to support your analysis.",330,32,argonne-swing,40960.0,4511.6875,40960.0,5141.6875,40960.0,5141.6875,40960.0,4527.6875
1710810476.2707918,start-inference-3-1,8.72411060333252,743286,735195,681808,685283,256,74,1,Mistral-7B-v0.1,4,"As an AI language model, you have the ability to process and generate human-like text. Can you discuss the potential implications of advanced AI systems like yourself on various industries, such as healthcare, education, and creative fields? Consider the benefits, challenges, and ethical considerations surrounding the integration of AI in these sectors. Provide specific examples to support your analysis.",330,32,argonne-swing,40960.0,4511.6875,40960.0,5141.6875,40960.0,5141.6875,40960.0,4527.6875
1710810485.0185914,start-inference-3-2,8.544389724731445,731048,717423,680475,682327,256,74,2,Mistral-7B-v0.1,4,"As an AI language model, you have the ability to process and generate human-like text. Can you discuss the potential implications of advanced AI systems like yourself on various industries, such as healthcare, education, and creative fields? Consider the benefits, challenges, and ethical considerations surrounding the integration of AI in these sectors. Provide specific examples to support your analysis.",330,32,argonne-swing,40960.0,4511.6875,40960.0,5141.6875,40960.0,5141.6875,40960.0,4527.6875
1710810493.5841482,start-inference-3-3,8.531490802764893,730939,718421,680404,679174,256,74,3,Mistral-7B-v0.1,4,"As an AI language model, you have the ability to process and generate human-like text. Can you discuss the potential implications of advanced AI systems like yourself on various industries, such as healthcare, education, and creative fields? Consider the benefits, challenges, and ethical considerations surrounding the integration of AI in these sectors. Provide specific examples to support your analysis.",330,32,argonne-swing,40960.0,4511.6875,40960.0,5141.6875,40960.0,5141.6875,40960.0,4527.6875
1710810502.139642,start-inference-3-4,8.563105821609497,735960,725439,678664,673415,256,74,4,Mistral-7B-v0.1,4,"As an AI language model, you have the ability to process and generate human-like text. Can you discuss the potential implications of advanced AI systems like yourself on various industries, such as healthcare, education, and creative fields? Consider the benefits, challenges, and ethical considerations surrounding the integration of AI in these sectors. Provide specific examples to support your analysis.",330,32,argonne-swing,40960.0,4511.6875,40960.0,5141.6875,40960.0,5141.6875,40960.0,4527.6875
1710810545.7389233,tokenizer,0.3014838695526123,19672,18710,17492,16440,512,0,0,Mistral-7B-v0.1,4,startup,0,32,argonne-swing,40960.0,4375.6875,40960.0,5005.6875,40960.0,5005.6875,40960.0,4375.6875
1710810546.0404072,model load,24.762148141860962,1729173,1660782,1562047,1457999,512,0,0,Mistral-7B-v0.1,4,startup,0,32,argonne-swing,40960.0,4375.6875,40960.0,5005.6875,40960.0,5005.6875,40960.0,4375.6875
1710810570.8025553,pipeline load,0.015269279479980469,0,0,0,0,512,0,0,Mistral-7B-v0.1,4,startup,0,32,argonne-swing,40960.0,4375.6875,40960.0,5005.6875,40960.0,5005.6875,40960.0,4375.6875
1710810570.8670096,start-inference-A-0,19.085726261138916,1603062,1568293,1471770,1438787,512,8,0,Mistral-7B-v0.1,4,What is the capital of France?,520,32,argonne-swing,40960.0,4521.6875,40960.0,5153.6875,40960.0,5153.6875,40960.0,4515.6875
1710810589.9753556,start-inference-3-1,17.07893943786621,1460577,1435147,1355825,1315980,512,8,1,Mistral-7B-v0.1,4,What is the capital of France?,520,32,argonne-swing,40960.0,4521.6875,40960.0,5153.6875,40960.0,5153.6875,40960.0,4515.6875
1710810607.0789492,start-inference-3-2,17.24578547477722,1470159,1454358,1365532,1329253,512,8,2,Mistral-7B-v0.1,4,What is the capital of France?,520,32,argonne-swing,40960.0,4521.6875,40960.0,5153.6875,40960.0,5153.6875,40960.0,4515.6875
1710810624.3438962,start-inference-3-3,17.102200508117676,1465660,1433593,1354518,1330158,512,8,3,Mistral-7B-v0.1,4,What is the capital of France?,520,32,argonne-swing,40960.0,4521.6875,40960.0,5153.6875,40960.0,5153.6875,40960.0,4515.6875
1710810641.471001,start-inference-3-4,17.26213049888611,1467706,1451816,1362762,1335221,512,8,4,Mistral-7B-v0.1,4,What is the capital of France?,520,32,argonne-swing,40960.0,4521.6875,40960.0,5153.6875,40960.0,5153.6875,40960.0,4515.6875
1710810658.7540174,start-inference-B-0,17.08494544029236,1463339,1440692,1359503,1332602,512,22,0,Mistral-7B-v0.1,4,Can you explain the difference between a simile and a metaphor? Provide an example of each.,534,32,argonne-swing,40960.0,4523.6875,40960.0,5153.6875,40960.0,5153.6875,40960.0,4515.6875
1710810675.8678746,start-inference-3-1,17.25565767288208,1472427,1441169,1361488,1330342,512,22,1,Mistral-7B-v0.1,4,Can you explain the difference between a simile and a metaphor? Provide an example of each.,534,32,argonne-swing,40960.0,4523.6875,40960.0,5153.6875,40960.0,5153.6875,40960.0,4515.6875
1710810693.1458473,start-inference-3-2,17.069229125976562,1460976,1417498,1363317,1331183,512,22,2,Mistral-7B-v0.1,4,Can you explain the difference between a simile and a metaphor? Provide an example of each.,534,32,argonne-swing,40960.0,4523.6875,40960.0,5153.6875,40960.0,5153.6875,40960.0,4515.6875
1710810710.2379901,start-inference-3-3,17.253960609436035,1478986,1418593,1373366,1340810,512,22,3,Mistral-7B-v0.1,4,Can you explain the difference between a simile and a metaphor? Provide an example of each.,534,32,argonne-swing,40960.0,4523.6875,40960.0,5153.6875,40960.0,5153.6875,40960.0,4515.6875
1710810727.5160317,start-inference-3-4,17.06107759475708,1462974,1382541,1360662,1327334,512,22,4,Mistral-7B-v0.1,4,Can you explain the difference between a simile and a metaphor? Provide an example of each.,534,32,argonne-swing,40960.0,4523.6875,40960.0,5153.6875,40960.0,5153.6875,40960.0,4515.6875
1710810744.5978215,start-inference-C-0,11.12263011932373,960935,894997,871209,855271,512,27,0,Mistral-7B-v0.1,4,"What are some effective strategies for managing stress and maintaining good mental health during challenging times, such as a pandemic or a personal crisis?",353,32,argonne-swing,40960.0,4523.6875,40960.0,5153.6875,40960.0,5153.6875,40960.0,4515.6875
1710810755.7618384,start-inference-3-1,17.087480545043945,1465534,1377253,1344205,1325080,512,27,1,Mistral-7B-v0.1,4,"What are some effective strategies for managing stress and maintaining good mental health during challenging times, such as a pandemic or a personal crisis?",539,32,argonne-swing,40960.0,4523.6875,40960.0,5153.6875,40960.0,5153.6875,40960.0,4515.6875
1710810772.8699422,start-inference-3-2,4.467550992965698,386869,352941,352881,349374,512,27,2,Mistral-7B-v0.1,4,"What are some effective strategies for managing stress and maintaining good mental health during challenging times, such as a pandemic or a personal crisis?",160,32,argonne-swing,40960.0,4523.6875,40960.0,5153.6875,40960.0,5153.6875,40960.0,4515.6875
1710810777.3592744,start-inference-3-3,17.315677881240845,1479964,1387194,1344958,1337444,512,27,3,Mistral-7B-v0.1,4,"What are some effective strategies for managing stress and maintaining good mental health during challenging times, such as a pandemic or a personal crisis?",539,32,argonne-swing,40960.0,4523.6875,40960.0,5153.6875,40960.0,5153.6875,40960.0,4515.6875
1710810794.699557,start-inference-3-4,17.099897861480713,1467456,1364633,1321839,1328737,512,27,4,Mistral-7B-v0.1,4,"What are some effective strategies for managing stress and maintaining good mental health during challenging times, such as a pandemic or a personal crisis?",539,32,argonne-swing,40960.0,4523.6875,40960.0,5153.6875,40960.0,5153.6875,40960.0,4515.6875
1710810811.8269236,start-inference-D-0,17.207945823669434,1478957,1385230,1321689,1335609,512,61,0,Mistral-7B-v0.1,4,"Imagine you are a travel guide. Can you recommend a 7-day itinerary for a trip to Japan, including must-visit destinations, cultural experiences, and local cuisine? Provide a brief description of each day's activities and how they showcase the best of Japan.",573,32,argonne-swing,40960.0,4523.6875,40960.0,5153.6875,40960.0,5153.6875,40960.0,4515.6875
1710810829.0558088,start-inference-3-1,17.12163472175598,1480378,1380834,1308990,1324458,512,61,1,Mistral-7B-v0.1,4,"Imagine you are a travel guide. Can you recommend a 7-day itinerary for a trip to Japan, including must-visit destinations, cultural experiences, and local cuisine? Provide a brief description of each day's activities and how they showcase the best of Japan.",573,32,argonne-swing,40960.0,4523.6875,40960.0,5153.6875,40960.0,5153.6875,40960.0,4515.6875
1710810846.20552,start-inference-3-2,17.26250958442688,1487802,1389295,1315068,1335614,512,61,2,Mistral-7B-v0.1,4,"Imagine you are a travel guide. Can you recommend a 7-day itinerary for a trip to Japan, including must-visit destinations, cultural experiences, and local cuisine? Provide a brief description of each day's activities and how they showcase the best of Japan.",573,32,argonne-swing,40960.0,4523.6875,40960.0,5153.6875,40960.0,5153.6875,40960.0,4515.6875
1710810863.4878113,start-inference-3-3,17.137046098709106,1499469,1365936,1314877,1343280,512,61,3,Mistral-7B-v0.1,4,"Imagine you are a travel guide. Can you recommend a 7-day itinerary for a trip to Japan, including must-visit destinations, cultural experiences, and local cuisine? Provide a brief description of each day's activities and how they showcase the best of Japan.",573,32,argonne-swing,40960.0,4523.6875,40960.0,5153.6875,40960.0,5153.6875,40960.0,4515.6875
1710810880.6468687,start-inference-3-4,17.283491849899292,1507267,1384057,1315082,1346844,512,61,4,Mistral-7B-v0.1,4,"Imagine you are a travel guide. Can you recommend a 7-day itinerary for a trip to Japan, including must-visit destinations, cultural experiences, and local cuisine? Provide a brief description of each day's activities and how they showcase the best of Japan.",573,32,argonne-swing,40960.0,4523.6875,40960.0,5153.6875,40960.0,5153.6875,40960.0,4515.6875
1710810897.9540136,start-inference-E-0,17.125659942626953,1500332,1376114,1295610,1330751,512,74,0,Mistral-7B-v0.1,4,"As an AI language model, you have the ability to process and generate human-like text. Can you discuss the potential implications of advanced AI systems like yourself on various industries, such as healthcare, education, and creative fields? Consider the benefits, challenges, and ethical considerations surrounding the integration of AI in these sectors. Provide specific examples to support your analysis.",586,32,argonne-swing,40960.0,4523.6875,40960.0,5153.6875,40960.0,5153.6875,40960.0,4535.6875
1710810915.1143267,start-inference-3-1,17.29210352897644,1510388,1387234,1315507,1342936,512,74,1,Mistral-7B-v0.1,4,"As an AI language model, you have the ability to process and generate human-like text. Can you discuss the potential implications of advanced AI systems like yourself on various industries, such as healthcare, education, and creative fields? Consider the benefits, challenges, and ethical considerations surrounding the integration of AI in these sectors. Provide specific examples to support your analysis.",586,32,argonne-swing,40960.0,4523.6875,40960.0,5153.6875,40960.0,5153.6875,40960.0,4535.6875
1710810932.428846,start-inference-3-2,17.11923575401306,1496707,1374252,1296752,1332198,512,74,2,Mistral-7B-v0.1,4,"As an AI language model, you have the ability to process and generate human-like text. Can you discuss the potential implications of advanced AI systems like yourself on various industries, such as healthcare, education, and creative fields? Consider the benefits, challenges, and ethical considerations surrounding the integration of AI in these sectors. Provide specific examples to support your analysis.",586,32,argonne-swing,40960.0,4523.6875,40960.0,5153.6875,40960.0,5153.6875,40960.0,4535.6875
1710810949.5706298,start-inference-3-3,8.033164501190186,698467,636136,602666,617860,512,74,3,Mistral-7B-v0.1,4,"As an AI language model, you have the ability to process and generate human-like text. Can you discuss the potential implications of advanced AI systems like yourself on various industries, such as healthcare, education, and creative fields? Consider the benefits, challenges, and ethical considerations surrounding the integration of AI in these sectors. Provide specific examples to support your analysis.",308,32,argonne-swing,40960.0,4523.6875,40960.0,5153.6875,40960.0,5153.6875,40960.0,4535.6875
1710810957.6289349,start-inference-3-4,17.108283042907715,1486601,1369477,1292582,1326434,512,74,4,Mistral-7B-v0.1,4,"As an AI language model, you have the ability to process and generate human-like text. Can you discuss the potential implications of advanced AI systems like yourself on various industries, such as healthcare, education, and creative fields? Consider the benefits, challenges, and ethical considerations surrounding the integration of AI in these sectors. Provide specific examples to support your analysis.",586,32,argonne-swing,40960.0,4523.6875,40960.0,5153.6875,40960.0,5153.6875,40960.0,4535.6875
1710811010.1111417,tokenizer,0.2418527603149414,13272,17300,10925,10676,1024,0,0,Mistral-7B-v0.1,4,startup,0,32,argonne-swing,40960.0,4375.6875,40960.0,5005.6875,40960.0,5005.6875,40960.0,4375.6875
1710811010.3529944,model load,23.8372220993042,1678915,1492384,1406112,1384999,1024,0,0,Mistral-7B-v0.1,4,startup,0,32,argonne-swing,40960.0,4375.6875,40960.0,5005.6875,40960.0,5005.6875,40960.0,4375.6875
1710811034.1902165,pipeline load,0.016118764877319336,0,0,0,0,1024,0,0,Mistral-7B-v0.1,4,startup,0,32,argonne-swing,40960.0,4375.6875,40960.0,5005.6875,40960.0,5005.6875,40960.0,4375.6875
1710811034.247248,start-inference-A-0,36.27025556564331,3102873,2856907,2691936,2769768,1024,8,0,Mistral-7B-v0.1,4,What is the capital of France?,1032,32,argonne-swing,40960.0,4561.6875,40960.0,5213.6875,40960.0,5213.6875,40960.0,4555.6875
1710811070.5390563,start-inference-3-1,34.24046301841736,2975528,2743111,2580934,2655987,1024,8,1,Mistral-7B-v0.1,4,What is the capital of France?,1032,32,argonne-swing,40960.0,4561.6875,40960.0,5213.6875,40960.0,5213.6875,40960.0,4555.6875
1710811104.8035731,start-inference-3-2,34.29668998718262,2989976,2739656,2588208,2665120,1024,8,2,Mistral-7B-v0.1,4,What is the capital of France?,1032,32,argonne-swing,40960.0,4561.6875,40960.0,5213.6875,40960.0,5213.6875,40960.0,4555.6875
1710811139.1321337,start-inference-3-3,34.21728277206421,2999732,2743083,2582287,2660123,1024,8,3,Mistral-7B-v0.1,4,What is the capital of France?,1032,32,argonne-swing,40960.0,4561.6875,40960.0,5213.6875,40960.0,5213.6875,40960.0,4555.6875
1710811173.370671,start-inference-3-4,24.958518743515015,2181009,1988427,1875865,1934758,1024,8,4,Mistral-7B-v0.1,4,What is the capital of France?,751,32,argonne-swing,40960.0,4561.6875,40960.0,5213.6875,40960.0,5213.6875,40960.0,4555.6875
1710811198.3549154,start-inference-B-0,34.203797340393066,3000831,2733692,2580512,2658816,1024,22,0,Mistral-7B-v0.1,4,Can you explain the difference between a simile and a metaphor? Provide an example of each.,1046,32,argonne-swing,40960.0,4563.6875,40960.0,5213.6875,40960.0,5213.6875,40960.0,4555.6875
1710811232.5813727,start-inference-3-1,34.21786594390869,2971215,2725650,2573061,2652489,1024,22,1,Mistral-7B-v0.1,4,Can you explain the difference between a simile and a metaphor? Provide an example of each.,1046,32,argonne-swing,40960.0,4563.6875,40960.0,5213.6875,40960.0,5213.6875,40960.0,4555.6875
1710811266.8244333,start-inference-3-2,7.473323106765747,650946,587280,556083,572218,1024,22,2,Mistral-7B-v0.1,4,Can you explain the difference between a simile and a metaphor? Provide an example of each.,246,32,argonne-swing,40960.0,4563.6875,40960.0,5213.6875,40960.0,5213.6875,40960.0,4555.6875
1710811274.3228157,start-inference-3-3,26.794134616851807,2306930,2124947,2021352,2076759,1024,22,3,Mistral-7B-v0.1,4,Can you explain the difference between a simile and a metaphor? Provide an example of each.,823,32,argonne-swing,40960.0,4563.6875,40960.0,5213.6875,40960.0,5213.6875,40960.0,4555.6875
1710811301.1394675,start-inference-3-4,34.18052363395691,2935125,2720079,2572722,2649830,1024,22,4,Mistral-7B-v0.1,4,Can you explain the difference between a simile and a metaphor? Provide an example of each.,1046,32,argonne-swing,40960.0,4563.6875,40960.0,5213.6875,40960.0,5213.6875,40960.0,4555.6875
1710811335.340852,start-inference-C-0,7.514915704727173,635151,594667,562194,583590,1024,27,0,Mistral-7B-v0.1,4,"What are some effective strategies for managing stress and maintaining good mental health during challenging times, such as a pandemic or a personal crisis?",251,32,argonne-swing,40960.0,4563.6875,40960.0,5213.6875,40960.0,5213.6875,40960.0,4555.6875
1710811342.8781302,start-inference-3-1,34.24944758415222,2937070,2727994,2577838,2658719,1024,27,1,Mistral-7B-v0.1,4,"What are some effective strategies for managing stress and maintaining good mental health during challenging times, such as a pandemic or a personal crisis?",1051,32,argonne-swing,40960.0,4563.6875,40960.0,5213.6875,40960.0,5213.6875,40960.0,4555.6875
1710811377.1498864,start-inference-3-2,9.657117366790771,827301,759363,715403,740612,1024,27,2,Mistral-7B-v0.1,4,"What are some effective strategies for managing stress and maintaining good mental health during challenging times, such as a pandemic or a personal crisis?",310,32,argonne-swing,40960.0,4563.6875,40960.0,5213.6875,40960.0,5213.6875,40960.0,4555.6875
1710811386.8290565,start-inference-3-3,8.577153205871582,733732,682668,639231,659155,1024,27,3,Mistral-7B-v0.1,4,"What are some effective strategies for managing stress and maintaining good mental health during challenging times, such as a pandemic or a personal crisis?",284,32,argonne-swing,40960.0,4563.6875,40960.0,5213.6875,40960.0,5213.6875,40960.0,4555.6875
1710811395.4253929,start-inference-3-4,27.534745454788208,2380981,2190059,2073329,2131255,1024,27,4,Mistral-7B-v0.1,4,"What are some effective strategies for managing stress and maintaining good mental health during challenging times, such as a pandemic or a personal crisis?",849,32,argonne-swing,40960.0,4563.6875,40960.0,5213.6875,40960.0,5213.6875,40960.0,4555.6875
1710811422.9821732,start-inference-D-0,34.224372148513794,2978291,2733023,2592346,2656992,1024,61,0,Mistral-7B-v0.1,4,"Imagine you are a travel guide. Can you recommend a 7-day itinerary for a trip to Japan, including must-visit destinations, cultural experiences, and local cuisine? Provide a brief description of each day's activities and how they showcase the best of Japan.",1085,32,argonne-swing,40960.0,4563.6875,40960.0,5213.6875,40960.0,5213.6875,40960.0,4555.6875
1710811457.2304106,start-inference-3-1,34.43572449684143,2987731,2749057,2591568,2678393,1024,61,1,Mistral-7B-v0.1,4,"Imagine you are a travel guide. Can you recommend a 7-day itinerary for a trip to Japan, including must-visit destinations, cultural experiences, and local cuisine? Provide a brief description of each day's activities and how they showcase the best of Japan.",1085,32,argonne-swing,40960.0,4563.6875,40960.0,5213.6875,40960.0,5213.6875,40960.0,4555.6875
1710811491.6865785,start-inference-3-2,11.892467021942139,1040217,942850,890719,918630,1024,61,2,Mistral-7B-v0.1,4,"Imagine you are a travel guide. Can you recommend a 7-day itinerary for a trip to Japan, including must-visit destinations, cultural experiences, and local cuisine? Provide a brief description of each day's activities and how they showcase the best of Japan.",417,32,argonne-swing,40960.0,4563.6875,40960.0,5213.6875,40960.0,5213.6875,40960.0,4555.6875
1710811503.599524,start-inference-3-3,34.32421660423279,2997661,2740444,2589900,2673791,1024,61,3,Mistral-7B-v0.1,4,"Imagine you are a travel guide. Can you recommend a 7-day itinerary for a trip to Japan, including must-visit destinations, cultural experiences, and local cuisine? Provide a brief description of each day's activities and how they showcase the best of Japan.",1085,32,argonne-swing,40960.0,4563.6875,40960.0,5213.6875,40960.0,5213.6875,40960.0,4555.6875
1710811537.9427488,start-inference-3-4,34.269429445266724,3040456,2783824,2622539,2703533,1024,61,4,Mistral-7B-v0.1,4,"Imagine you are a travel guide. Can you recommend a 7-day itinerary for a trip to Japan, including must-visit destinations, cultural experiences, and local cuisine? Provide a brief description of each day's activities and how they showcase the best of Japan.",1085,32,argonne-swing,40960.0,4563.6875,40960.0,5213.6875,40960.0,5213.6875,40960.0,4555.6875
1710811572.235167,start-inference-E-0,34.19043684005737,2996379,2736187,2585923,2661442,1024,74,0,Mistral-7B-v0.1,4,"As an AI language model, you have the ability to process and generate human-like text. Can you discuss the potential implications of advanced AI systems like yourself on various industries, such as healthcare, education, and creative fields? Consider the benefits, challenges, and ethical considerations surrounding the integration of AI in these sectors. Provide specific examples to support your analysis.",1098,32,argonne-swing,40960.0,4563.6875,40960.0,5213.6875,40960.0,5213.6875,40960.0,4555.6875
1710811606.4500892,start-inference-3-1,34.241488456726074,2975862,2732185,2579501,2665035,1024,74,1,Mistral-7B-v0.1,4,"As an AI language model, you have the ability to process and generate human-like text. Can you discuss the potential implications of advanced AI systems like yourself on various industries, such as healthcare, education, and creative fields? Consider the benefits, challenges, and ethical considerations surrounding the integration of AI in these sectors. Provide specific examples to support your analysis.",1098,32,argonne-swing,40960.0,4563.6875,40960.0,5213.6875,40960.0,5213.6875,40960.0,4555.6875
1710811640.7167206,start-inference-3-2,12.800447702407837,1098160,1014347,950364,983208,1024,74,2,Mistral-7B-v0.1,4,"As an AI language model, you have the ability to process and generate human-like text. Can you discuss the potential implications of advanced AI systems like yourself on various industries, such as healthcare, education, and creative fields? Consider the benefits, challenges, and ethical considerations surrounding the integration of AI in these sectors. Provide specific examples to support your analysis.",451,32,argonne-swing,40960.0,4563.6875,40960.0,5213.6875,40960.0,5213.6875,40960.0,4555.6875
1710811653.5389092,start-inference-3-3,34.35030722618103,2964906,2724471,2585006,2666519,1024,74,3,Mistral-7B-v0.1,4,"As an AI language model, you have the ability to process and generate human-like text. Can you discuss the potential implications of advanced AI systems like yourself on various industries, such as healthcare, education, and creative fields? Consider the benefits, challenges, and ethical considerations surrounding the integration of AI in these sectors. Provide specific examples to support your analysis.",1098,32,argonne-swing,40960.0,4563.6875,40960.0,5213.6875,40960.0,5213.6875,40960.0,4555.6875
1710811687.9095473,start-inference-3-4,29.179866552352905,2506555,2314403,2187337,2253707,1024,74,4,Mistral-7B-v0.1,4,"As an AI language model, you have the ability to process and generate human-like text. Can you discuss the potential implications of advanced AI systems like yourself on various industries, such as healthcare, education, and creative fields? Consider the benefits, challenges, and ethical considerations surrounding the integration of AI in these sectors. Provide specific examples to support your analysis.",943,32,argonne-swing,40960.0,4563.6875,40960.0,5213.6875,40960.0,5213.6875,40960.0,4555.6875
1710811753.8603601,tokenizer,0.36342310905456543,19599,17234,16201,21365,2048,0,0,Mistral-7B-v0.1,4,startup,0,32,argonne-swing,40960.0,4375.6875,40960.0,5005.6875,40960.0,5005.6875,40960.0,4375.6875
1710811754.2237833,model load,24.02294921875,1671719,1492675,1407844,1389467,2048,0,0,Mistral-7B-v0.1,4,startup,0,32,argonne-swing,40960.0,4375.6875,40960.0,5005.6875,40960.0,5005.6875,40960.0,4375.6875
1710811778.2467325,pipeline load,0.011842012405395508,0,0,0,0,2048,0,0,Mistral-7B-v0.1,4,startup,0,32,argonne-swing,40960.0,4375.6875,40960.0,5005.6875,40960.0,5005.6875,40960.0,4375.6875
1710811778.3096097,start-inference-A-0,73.47662949562073,6230361,5812759,5511540,5648820,2048,8,0,Mistral-7B-v0.1,4,What is the capital of France?,2056,32,argonne-swing,40960.0,4711.6875,40960.0,5373.6875,40960.0,5373.6875,40960.0,4705.6875
1710811851.8079848,start-inference-3-1,68.4492392539978,5962163,5516933,5219871,5368429,2048,8,1,Mistral-7B-v0.1,4,What is the capital of France?,2056,32,argonne-swing,40960.0,4711.6875,40960.0,5373.6875,40960.0,5373.6875,40960.0,4705.6875
1710811920.2805018,start-inference-3-2,68.39414238929749,6011485,5535467,5224175,5365315,2048,8,2,Mistral-7B-v0.1,4,What is the capital of France?,2056,32,argonne-swing,40960.0,4711.6875,40960.0,5373.6875,40960.0,5373.6875,40960.0,4705.6875
1710811988.7068164,start-inference-3-3,7.046916246414185,609886,557099,528836,543469,2048,8,3,Mistral-7B-v0.1,4,What is the capital of France?,219,32,argonne-swing,40960.0,4711.6875,40960.0,5373.6875,40960.0,5373.6875,40960.0,4705.6875
1710811995.7729447,start-inference-3-4,21.37786602973938,1850437,1699566,1609621,1649434,2048,8,4,Mistral-7B-v0.1,4,What is the capital of France?,644,32,argonne-swing,40960.0,4711.6875,40960.0,5373.6875,40960.0,5373.6875,40960.0,4705.6875
1710812017.1696067,start-inference-B-0,68.91346549987793,5887176,5557254,5265891,5410619,2048,22,0,Mistral-7B-v0.1,4,Can you explain the difference between a simile and a metaphor? Provide an example of each.,2070,32,argonne-swing,40960.0,4713.6875,40960.0,5373.6875,40960.0,5373.6875,40960.0,4705.6875
1710812086.127733,start-inference-3-1,68.69979572296143,5742966,5559925,5271918,5393424,2048,22,1,Mistral-7B-v0.1,4,Can you explain the difference between a simile and a metaphor? Provide an example of each.,2070,32,argonne-swing,40960.0,4713.6875,40960.0,5373.6875,40960.0,5373.6875,40960.0,4705.6875
1710812154.8485343,start-inference-3-2,68.67222905158997,5684326,5557340,5266680,5394871,2048,22,2,Mistral-7B-v0.1,4,Can you explain the difference between a simile and a metaphor? Provide an example of each.,2070,32,argonne-swing,40960.0,4713.6875,40960.0,5373.6875,40960.0,5373.6875,40960.0,4705.6875
1710812223.5457757,start-inference-3-3,37.92647957801819,3094284,3036669,2877350,2950652,2048,22,3,Mistral-7B-v0.1,4,Can you explain the difference between a simile and a metaphor? Provide an example of each.,1152,32,argonne-swing,40960.0,4713.6875,40960.0,5373.6875,40960.0,5373.6875,40960.0,4705.6875
1710812261.511839,start-inference-3-4,68.52436923980713,5644191,5531966,5243397,5386592,2048,22,4,Mistral-7B-v0.1,4,Can you explain the difference between a simile and a metaphor? Provide an example of each.,2070,32,argonne-swing,40960.0,4713.6875,40960.0,5373.6875,40960.0,5373.6875,40960.0,4705.6875
1710812330.078977,start-inference-C-0,68.83594131469727,5686187,5550636,5280513,5412897,2048,27,0,Mistral-7B-v0.1,4,"What are some effective strategies for managing stress and maintaining good mental health during challenging times, such as a pandemic or a personal crisis?",2075,32,argonne-swing,40960.0,4713.6875,40960.0,5373.6875,40960.0,5373.6875,40960.0,4705.6875
1710812398.9416368,start-inference-3-1,68.6359052658081,5646376,5535636,5262490,5383723,2048,27,1,Mistral-7B-v0.1,4,"What are some effective strategies for managing stress and maintaining good mental health during challenging times, such as a pandemic or a personal crisis?",2075,32,argonne-swing,40960.0,4713.6875,40960.0,5373.6875,40960.0,5373.6875,40960.0,4705.6875
1710812467.6083593,start-inference-3-2,68.03481459617615,5610168,5501905,5222307,5355213,2048,27,2,Mistral-7B-v0.1,4,"What are some effective strategies for managing stress and maintaining good mental health during challenging times, such as a pandemic or a personal crisis?",2075,32,argonne-swing,40960.0,4713.6875,40960.0,5373.6875,40960.0,5373.6875,40960.0,4705.6875
1710812535.6877844,start-inference-3-3,17.251681327819824,1403619,1370416,1300461,1334553,2048,27,3,Mistral-7B-v0.1,4,"What are some effective strategies for managing stress and maintaining good mental health during challenging times, such as a pandemic or a personal crisis?",546,32,argonne-swing,40960.0,4713.6875,40960.0,5373.6875,40960.0,5373.6875,40960.0,4705.6875
1710812552.9643123,start-inference-3-4,68.36222290992737,5620667,5520425,5235327,5377662,2048,27,4,Mistral-7B-v0.1,4,"What are some effective strategies for managing stress and maintaining good mental health during challenging times, such as a pandemic or a personal crisis?",2075,32,argonne-swing,40960.0,4713.6875,40960.0,5373.6875,40960.0,5373.6875,40960.0,4705.6875
1710812621.363171,start-inference-D-0,68.28025960922241,5616383,5517505,5236015,5375213,2048,61,0,Mistral-7B-v0.1,4,"Imagine you are a travel guide. Can you recommend a 7-day itinerary for a trip to Japan, including must-visit destinations, cultural experiences, and local cuisine? Provide a brief description of each day's activities and how they showcase the best of Japan.",2109,32,argonne-swing,40960.0,4713.6875,40960.0,5373.6875,40960.0,5373.6875,40960.0,4705.6875
1710812689.6882412,start-inference-3-1,68.656418800354,5642978,5537452,5263016,5396587,2048,61,1,Mistral-7B-v0.1,4,"Imagine you are a travel guide. Can you recommend a 7-day itinerary for a trip to Japan, including must-visit destinations, cultural experiences, and local cuisine? Provide a brief description of each day's activities and how they showcase the best of Japan.",2109,32,argonne-swing,40960.0,4713.6875,40960.0,5373.6875,40960.0,5373.6875,40960.0,4705.6875
1710812758.3887277,start-inference-3-2,68.63983798027039,5639613,5535071,5263119,5394462,2048,61,2,Mistral-7B-v0.1,4,"Imagine you are a travel guide. Can you recommend a 7-day itinerary for a trip to Japan, including must-visit destinations, cultural experiences, and local cuisine? Provide a brief description of each day's activities and how they showcase the best of Japan.",2109,32,argonne-swing,40960.0,4713.6875,40960.0,5373.6875,40960.0,5373.6875,40960.0,4705.6875
1710812827.0804627,start-inference-3-3,53.06187081336975,4348564,4262879,4046633,4154598,2048,61,3,Mistral-7B-v0.1,4,"Imagine you are a travel guide. Can you recommend a 7-day itinerary for a trip to Japan, including must-visit destinations, cultural experiences, and local cuisine? Provide a brief description of each day's activities and how they showcase the best of Japan.",1655,32,argonne-swing,40960.0,4713.6875,40960.0,5373.6875,40960.0,5373.6875,40960.0,4705.6875
1710812880.1655364,start-inference-3-4,68.44659209251404,5623227,5527206,5242448,5381323,2048,61,4,Mistral-7B-v0.1,4,"Imagine you are a travel guide. Can you recommend a 7-day itinerary for a trip to Japan, including must-visit destinations, cultural experiences, and local cuisine? Provide a brief description of each day's activities and how they showcase the best of Japan.",2109,32,argonne-swing,40960.0,4713.6875,40960.0,5373.6875,40960.0,5373.6875,40960.0,4705.6875
1710812948.6483834,start-inference-E-0,68.41442155838013,5633355,5519820,5243939,5380690,2048,74,0,Mistral-7B-v0.1,4,"As an AI language model, you have the ability to process and generate human-like text. Can you discuss the potential implications of advanced AI systems like yourself on various industries, such as healthcare, education, and creative fields? Consider the benefits, challenges, and ethical considerations surrounding the integration of AI in these sectors. Provide specific examples to support your analysis.",2122,32,argonne-swing,40960.0,4713.6875,40960.0,5373.6875,40960.0,5373.6875,40960.0,4705.6875
1710813017.1418285,start-inference-3-1,22.543493032455444,1840116,1789237,1701453,1749695,2048,74,1,Mistral-7B-v0.1,4,"As an AI language model, you have the ability to process and generate human-like text. Can you discuss the potential implications of advanced AI systems like yourself on various industries, such as healthcare, education, and creative fields? Consider the benefits, challenges, and ethical considerations surrounding the integration of AI in these sectors. Provide specific examples to support your analysis.",751,32,argonne-swing,40960.0,4713.6875,40960.0,5373.6875,40960.0,5373.6875,40960.0,4705.6875
1710813039.709409,start-inference-3-2,68.60667824745178,5645321,5535481,5252915,5399509,2048,74,2,Mistral-7B-v0.1,4,"As an AI language model, you have the ability to process and generate human-like text. Can you discuss the potential implications of advanced AI systems like yourself on various industries, such as healthcare, education, and creative fields? Consider the benefits, challenges, and ethical considerations surrounding the integration of AI in these sectors. Provide specific examples to support your analysis.",2122,32,argonne-swing,40960.0,4713.6875,40960.0,5373.6875,40960.0,5373.6875,40960.0,4705.6875
1710813108.342313,start-inference-3-3,13.303834676742554,1085179,1048672,987652,1021458,2048,74,3,Mistral-7B-v0.1,4,"As an AI language model, you have the ability to process and generate human-like text. Can you discuss the potential implications of advanced AI systems like yourself on various industries, such as healthcare, education, and creative fields? Consider the benefits, challenges, and ethical considerations surrounding the integration of AI in these sectors. Provide specific examples to support your analysis.",466,32,argonne-swing,40960.0,4713.6875,40960.0,5373.6875,40960.0,5373.6875,40960.0,4705.6875
1710813121.6775336,start-inference-3-4,68.33861804008484,5630193,5514442,5241227,5379790,2048,74,4,Mistral-7B-v0.1,4,"As an AI language model, you have the ability to process and generate human-like text. Can you discuss the potential implications of advanced AI systems like yourself on various industries, such as healthcare, education, and creative fields? Consider the benefits, challenges, and ethical considerations surrounding the integration of AI in these sectors. Provide specific examples to support your analysis.",2122,32,argonne-swing,40960.0,4713.6875,40960.0,5373.6875,40960.0,5373.6875,40960.0,4705.6875
1710813232.7846062,tokenizer,0.28072452545166016,18316,11502,10856,16114,512,0,0,Mistral-7B-v0.1,4,startup,0,8,argonne-swing,40960.0,4375.6875,40960.0,5005.6875,40960.0,5005.6875,40960.0,4375.6875
1710813233.0653307,model load,23.282558917999268,1526798,1450617,1373304,1356326,512,0,0,Mistral-7B-v0.1,4,startup,0,8,argonne-swing,40960.0,4375.6875,40960.0,5005.6875,40960.0,5005.6875,40960.0,4375.6875
1710813256.3478897,pipeline load,0.014888286590576172,0,0,0,0,512,0,0,Mistral-7B-v0.1,4,startup,0,8,argonne-swing,40960.0,4375.6875,40960.0,5005.6875,40960.0,5005.6875,40960.0,4375.6875
1710813256.4257689,start-inference-A-0,19.133293628692627,1516149,1472026,1406252,1434794,512,8,0,Mistral-7B-v0.1,4,What is the capital of France?,520,8,argonne-swing,40960.0,4521.6875,40960.0,5153.6875,40960.0,5153.6875,40960.0,4515.6875
1710813275.5830076,start-inference-3-1,16.986680507659912,1374285,1341358,1278635,1314534,512,8,1,Mistral-7B-v0.1,4,What is the capital of France?,519,8,argonne-swing,40960.0,4521.6875,40960.0,5153.6875,40960.0,5153.6875,40960.0,4515.6875
1710813292.5906265,start-inference-3-2,16.820408821105957,1359526,1338722,1266514,1309086,512,8,2,Mistral-7B-v0.1,4,What is the capital of France?,520,8,argonne-swing,40960.0,4521.6875,40960.0,5153.6875,40960.0,5153.6875,40960.0,4515.6875
1710813309.4317462,start-inference-3-3,17.00292420387268,1373435,1343251,1275781,1314099,512,8,3,Mistral-7B-v0.1,4,What is the capital of France?,520,8,argonne-swing,40960.0,4521.6875,40960.0,5153.6875,40960.0,5153.6875,40960.0,4515.6875
1710813326.4532046,start-inference-3-4,16.79996156692505,1359833,1330901,1265562,1302873,512,8,4,Mistral-7B-v0.1,4,What is the capital of France?,520,8,argonne-swing,40960.0,4521.6875,40960.0,5153.6875,40960.0,5153.6875,40960.0,4515.6875
1710813343.2745328,start-inference-B-0,16.997358798980713,1374962,1344265,1275708,1316789,512,22,0,Mistral-7B-v0.1,4,Can you explain the difference between a simile and a metaphor? Provide an example of each.,534,8,argonne-swing,40960.0,4523.6875,40960.0,5153.6875,40960.0,5153.6875,40960.0,4515.6875
1710813360.295882,start-inference-3-1,16.78139019012451,1360790,1332977,1264837,1305118,512,22,1,Mistral-7B-v0.1,4,Can you explain the difference between a simile and a metaphor? Provide an example of each.,534,8,argonne-swing,40960.0,4523.6875,40960.0,5153.6875,40960.0,5153.6875,40960.0,4515.6875
1710813377.096916,start-inference-3-2,16.93980622291565,1375486,1336804,1272818,1310220,512,22,2,Mistral-7B-v0.1,4,Can you explain the difference between a simile and a metaphor? Provide an example of each.,534,8,argonne-swing,40960.0,4523.6875,40960.0,5153.6875,40960.0,5153.6875,40960.0,4515.6875
1710813394.0608125,start-inference-3-3,16.755004405975342,1362676,1333614,1272110,1305552,512,22,3,Mistral-7B-v0.1,4,Can you explain the difference between a simile and a metaphor? Provide an example of each.,534,8,argonne-swing,40960.0,4523.6875,40960.0,5153.6875,40960.0,5153.6875,40960.0,4515.6875
1710813410.8352628,start-inference-3-4,16.935351610183716,1369341,1345735,1277434,1317537,512,22,4,Mistral-7B-v0.1,4,Can you explain the difference between a simile and a metaphor? Provide an example of each.,534,8,argonne-swing,40960.0,4523.6875,40960.0,5153.6875,40960.0,5153.6875,40960.0,4515.6875
1710813427.7940307,start-inference-C-0,16.85843849182129,1361852,1331614,1269197,1312000,512,27,0,Mistral-7B-v0.1,4,"What are some effective strategies for managing stress and maintaining good mental health during challenging times, such as a pandemic or a personal crisis?",539,8,argonne-swing,40960.0,4523.6875,40960.0,5153.6875,40960.0,5153.6875,40960.0,4515.6875
1710813444.6703386,start-inference-3-1,17.046894788742065,1381341,1345566,1285760,1315672,512,27,1,Mistral-7B-v0.1,4,"What are some effective strategies for managing stress and maintaining good mental health during challenging times, such as a pandemic or a personal crisis?",539,8,argonne-swing,40960.0,4523.6875,40960.0,5153.6875,40960.0,5153.6875,40960.0,4515.6875
1710813461.7418146,start-inference-3-2,16.960310220718384,1376421,1344975,1276690,1317850,512,27,2,Mistral-7B-v0.1,4,"What are some effective strategies for managing stress and maintaining good mental health during challenging times, such as a pandemic or a personal crisis?",539,8,argonne-swing,40960.0,4523.6875,40960.0,5153.6875,40960.0,5153.6875,40960.0,4515.6875
1710813478.7220376,start-inference-3-3,16.77889370918274,1363000,1332807,1268107,1306468,512,27,3,Mistral-7B-v0.1,4,"What are some effective strategies for managing stress and maintaining good mental health during challenging times, such as a pandemic or a personal crisis?",539,8,argonne-swing,40960.0,4523.6875,40960.0,5153.6875,40960.0,5153.6875,40960.0,4515.6875
1710813495.5449867,start-inference-3-4,16.962215662002563,1375385,1337993,1278656,1309672,512,27,4,Mistral-7B-v0.1,4,"What are some effective strategies for managing stress and maintaining good mental health during challenging times, such as a pandemic or a personal crisis?",539,8,argonne-swing,40960.0,4523.6875,40960.0,5153.6875,40960.0,5153.6875,40960.0,4515.6875
1710813512.529872,start-inference-D-0,16.786022663116455,1363902,1333538,1267710,1299402,512,61,0,Mistral-7B-v0.1,4,"Imagine you are a travel guide. Can you recommend a 7-day itinerary for a trip to Japan, including must-visit destinations, cultural experiences, and local cuisine? Provide a brief description of each day's activities and how they showcase the best of Japan.",573,8,argonne-swing,40960.0,4523.6875,40960.0,5153.6875,40960.0,5153.6875,40960.0,4515.6875
1710813529.3356612,start-inference-3-1,17.085675716400146,1382453,1353097,1287820,1324032,512,61,1,Mistral-7B-v0.1,4,"Imagine you are a travel guide. Can you recommend a 7-day itinerary for a trip to Japan, including must-visit destinations, cultural experiences, and local cuisine? Provide a brief description of each day's activities and how they showcase the best of Japan.",573,8,argonne-swing,40960.0,4523.6875,40960.0,5153.6875,40960.0,5153.6875,40960.0,4515.6875
1710813546.445495,start-inference-3-2,16.813711404800415,1362414,1332259,1277940,1307320,512,61,2,Mistral-7B-v0.1,4,"Imagine you are a travel guide. Can you recommend a 7-day itinerary for a trip to Japan, including must-visit destinations, cultural experiences, and local cuisine? Provide a brief description of each day's activities and how they showcase the best of Japan.",573,8,argonne-swing,40960.0,4523.6875,40960.0,5153.6875,40960.0,5153.6875,40960.0,4515.6875
1710813563.2812412,start-inference-3-3,16.955314874649048,1376798,1348011,1274305,1319414,512,61,3,Mistral-7B-v0.1,4,"Imagine you are a travel guide. Can you recommend a 7-day itinerary for a trip to Japan, including must-visit destinations, cultural experiences, and local cuisine? Provide a brief description of each day's activities and how they showcase the best of Japan.",573,8,argonne-swing,40960.0,4523.6875,40960.0,5153.6875,40960.0,5153.6875,40960.0,4515.6875
1710813580.263132,start-inference-3-4,16.771793365478516,1362386,1333762,1263600,1307125,512,61,4,Mistral-7B-v0.1,4,"Imagine you are a travel guide. Can you recommend a 7-day itinerary for a trip to Japan, including must-visit destinations, cultural experiences, and local cuisine? Provide a brief description of each day's activities and how they showcase the best of Japan.",573,8,argonne-swing,40960.0,4523.6875,40960.0,5153.6875,40960.0,5153.6875,40960.0,4515.6875
1710813597.059978,start-inference-E-0,17.02384328842163,1374281,1353583,1282838,1318190,512,74,0,Mistral-7B-v0.1,4,"As an AI language model, you have the ability to process and generate human-like text. Can you discuss the potential implications of advanced AI systems like yourself on various industries, such as healthcare, education, and creative fields? Consider the benefits, challenges, and ethical considerations surrounding the integration of AI in these sectors. Provide specific examples to support your analysis.",586,8,argonne-swing,40960.0,4523.6875,40960.0,5153.6875,40960.0,5153.6875,40960.0,4535.6875
1710813614.1096296,start-inference-3-1,16.798360347747803,1364456,1335026,1267514,1306792,512,74,1,Mistral-7B-v0.1,4,"As an AI language model, you have the ability to process and generate human-like text. Can you discuss the potential implications of advanced AI systems like yourself on various industries, such as healthcare, education, and creative fields? Consider the benefits, challenges, and ethical considerations surrounding the integration of AI in these sectors. Provide specific examples to support your analysis.",586,8,argonne-swing,40960.0,4523.6875,40960.0,5153.6875,40960.0,5153.6875,40960.0,4535.6875
1710813630.9283879,start-inference-3-2,17.071208000183105,1382538,1352640,1287484,1325470,512,74,2,Mistral-7B-v0.1,4,"As an AI language model, you have the ability to process and generate human-like text. Can you discuss the potential implications of advanced AI systems like yourself on various industries, such as healthcare, education, and creative fields? Consider the benefits, challenges, and ethical considerations surrounding the integration of AI in these sectors. Provide specific examples to support your analysis.",586,8,argonne-swing,40960.0,4523.6875,40960.0,5153.6875,40960.0,5153.6875,40960.0,4535.6875
1710813648.0198932,start-inference-3-3,16.797983407974243,1362969,1335113,1266560,1306614,512,74,3,Mistral-7B-v0.1,4,"As an AI language model, you have the ability to process and generate human-like text. Can you discuss the potential implications of advanced AI systems like yourself on various industries, such as healthcare, education, and creative fields? Consider the benefits, challenges, and ethical considerations surrounding the integration of AI in these sectors. Provide specific examples to support your analysis.",586,8,argonne-swing,40960.0,4523.6875,40960.0,5153.6875,40960.0,5153.6875,40960.0,4535.6875
1710813664.8368995,start-inference-3-4,16.992796897888184,1376664,1348316,1279235,1319273,512,74,4,Mistral-7B-v0.1,4,"As an AI language model, you have the ability to process and generate human-like text. Can you discuss the potential implications of advanced AI systems like yourself on various industries, such as healthcare, education, and creative fields? Consider the benefits, challenges, and ethical considerations surrounding the integration of AI in these sectors. Provide specific examples to support your analysis.",586,8,argonne-swing,40960.0,4523.6875,40960.0,5153.6875,40960.0,5153.6875,40960.0,4535.6875
1710813717.0643704,tokenizer,0.2840087413787842,18317,17233,16279,10735,512,0,0,Mistral-7B-v0.1,4,startup,0,16,argonne-swing,40960.0,4375.6875,40960.0,5005.6875,40960.0,5005.6875,40960.0,4375.6875
1710813717.3483791,model load,26.034833431243896,1700978,1614191,1530280,1515679,512,0,0,Mistral-7B-v0.1,4,startup,0,16,argonne-swing,40960.0,4375.6875,40960.0,5005.6875,40960.0,5005.6875,40960.0,4375.6875
1710813743.3832126,pipeline load,0.012609720230102539,0,6314,0,0,512,0,0,Mistral-7B-v0.1,4,startup,0,16,argonne-swing,40960.0,4375.6875,40960.0,5005.6875,40960.0,5005.6875,40960.0,4375.6875
1710813743.442063,start-inference-A-0,21.29381823539734,1696199,1667408,1569107,1618093,512,8,0,Mistral-7B-v0.1,4,What is the capital of France?,520,16,argonne-swing,40960.0,4521.6875,40960.0,5153.6875,40960.0,5153.6875,40960.0,4515.6875
1710813764.7609758,start-inference-3-1,17.346601486206055,1404652,1357930,1297854,1325505,512,8,1,Mistral-7B-v0.1,4,What is the capital of France?,520,16,argonne-swing,40960.0,4521.6875,40960.0,5153.6875,40960.0,5153.6875,40960.0,4515.6875
1710813782.1284552,start-inference-3-2,17.22423219680786,1390982,1350425,1283365,1324472,512,8,2,Mistral-7B-v0.1,4,What is the capital of France?,520,16,argonne-swing,40960.0,4521.6875,40960.0,5153.6875,40960.0,5153.6875,40960.0,4515.6875
1710813799.374137,start-inference-3-3,17.39025592803955,1399848,1365642,1302136,1337825,512,8,3,Mistral-7B-v0.1,4,What is the capital of France?,520,16,argonne-swing,40960.0,4521.6875,40960.0,5153.6875,40960.0,5153.6875,40960.0,4515.6875
1710813816.7865782,start-inference-3-4,1.283111572265625,97192,100576,96369,97948,512,8,4,Mistral-7B-v0.1,4,What is the capital of France?,45,16,argonne-swing,40960.0,4521.6875,40960.0,5153.6875,40960.0,5153.6875,40960.0,4515.6875
1710813818.087421,start-inference-B-0,17.19244956970215,1377683,1358981,1287064,1327314,512,22,0,Mistral-7B-v0.1,4,Can you explain the difference between a simile and a metaphor? Provide an example of each.,534,16,argonne-swing,40960.0,4523.6875,40960.0,5153.6875,40960.0,5153.6875,40960.0,4515.6875
1710813835.3027616,start-inference-3-1,17.351330518722534,1391148,1366514,1290460,1336770,512,22,1,Mistral-7B-v0.1,4,Can you explain the difference between a simile and a metaphor? Provide an example of each.,534,16,argonne-swing,40960.0,4523.6875,40960.0,5153.6875,40960.0,5153.6875,40960.0,4515.6875
1710813852.6945908,start-inference-3-2,17.18127417564392,1390027,1357185,1287352,1329514,512,22,2,Mistral-7B-v0.1,4,Can you explain the difference between a simile and a metaphor? Provide an example of each.,534,16,argonne-swing,40960.0,4523.6875,40960.0,5153.6875,40960.0,5153.6875,40960.0,4515.6875
1710813869.8974338,start-inference-3-3,17.349018096923828,1395102,1368414,1298764,1345132,512,22,3,Mistral-7B-v0.1,4,Can you explain the difference between a simile and a metaphor? Provide an example of each.,534,16,argonne-swing,40960.0,4523.6875,40960.0,5153.6875,40960.0,5153.6875,40960.0,4515.6875
1710813887.2665017,start-inference-3-4,17.32520890235901,1407028,1361931,1274159,1312903,512,22,4,Mistral-7B-v0.1,4,Can you explain the difference between a simile and a metaphor? Provide an example of each.,534,16,argonne-swing,40960.0,4523.6875,40960.0,5153.6875,40960.0,5153.6875,40960.0,4515.6875
1710813904.613212,start-inference-C-0,14.027801990509033,1134791,1106416,1056242,1080936,512,27,0,Mistral-7B-v0.1,4,"What are some effective strategies for managing stress and maintaining good mental health during challenging times, such as a pandemic or a personal crisis?",442,16,argonne-swing,40960.0,4523.6875,40960.0,5153.6875,40960.0,5153.6875,40960.0,4515.6875
1710813918.6624348,start-inference-3-1,17.279017686843872,1388903,1361951,1297420,1337021,512,27,1,Mistral-7B-v0.1,4,"What are some effective strategies for managing stress and maintaining good mental health during challenging times, such as a pandemic or a personal crisis?",539,16,argonne-swing,40960.0,4523.6875,40960.0,5153.6875,40960.0,5153.6875,40960.0,4515.6875
1710813935.9631193,start-inference-3-2,17.453739166259766,1398585,1371727,1309660,1345371,512,27,2,Mistral-7B-v0.1,4,"What are some effective strategies for managing stress and maintaining good mental health during challenging times, such as a pandemic or a personal crisis?",539,16,argonne-swing,40960.0,4523.6875,40960.0,5153.6875,40960.0,5153.6875,40960.0,4515.6875
1710813953.4376328,start-inference-3-3,17.29635214805603,1396715,1364169,1296142,1329355,512,27,3,Mistral-7B-v0.1,4,"What are some effective strategies for managing stress and maintaining good mental health during challenging times, such as a pandemic or a personal crisis?",539,16,argonne-swing,40960.0,4523.6875,40960.0,5153.6875,40960.0,5153.6875,40960.0,4515.6875
1710813970.7517269,start-inference-3-4,1.9253368377685547,148390,155283,141458,152979,512,27,4,Mistral-7B-v0.1,4,"What are some effective strategies for managing stress and maintaining good mental health during challenging times, such as a pandemic or a personal crisis?",78,16,argonne-swing,40960.0,4523.6875,40960.0,5153.6875,40960.0,5153.6875,40960.0,4515.6875
1710813972.6932201,start-inference-D-0,17.22800374031067,1385934,1353133,1299055,1334418,512,61,0,Mistral-7B-v0.1,4,"Imagine you are a travel guide. Can you recommend a 7-day itinerary for a trip to Japan, including must-visit destinations, cultural experiences, and local cuisine? Provide a brief description of each day's activities and how they showcase the best of Japan.",573,16,argonne-swing,40960.0,4523.6875,40960.0,5153.6875,40960.0,5153.6875,40960.0,4515.6875
1710813989.942893,start-inference-3-1,17.42981743812561,1405665,1380834,1295676,1349318,512,61,1,Mistral-7B-v0.1,4,"Imagine you are a travel guide. Can you recommend a 7-day itinerary for a trip to Japan, including must-visit destinations, cultural experiences, and local cuisine? Provide a brief description of each day's activities and how they showcase the best of Japan.",573,16,argonne-swing,40960.0,4523.6875,40960.0,5153.6875,40960.0,5153.6875,40960.0,4515.6875
1710814007.393174,start-inference-3-2,17.25405788421631,1399016,1352649,1296390,1336542,512,61,2,Mistral-7B-v0.1,4,"Imagine you are a travel guide. Can you recommend a 7-day itinerary for a trip to Japan, including must-visit destinations, cultural experiences, and local cuisine? Provide a brief description of each day's activities and how they showcase the best of Japan.",573,16,argonne-swing,40960.0,4523.6875,40960.0,5153.6875,40960.0,5153.6875,40960.0,4515.6875
1710814024.6722636,start-inference-3-3,17.453802585601807,1415758,1359023,1305793,1350361,512,61,3,Mistral-7B-v0.1,4,"Imagine you are a travel guide. Can you recommend a 7-day itinerary for a trip to Japan, including must-visit destinations, cultural experiences, and local cuisine? Provide a brief description of each day's activities and how they showcase the best of Japan.",573,16,argonne-swing,40960.0,4523.6875,40960.0,5153.6875,40960.0,5153.6875,40960.0,4515.6875
1710814042.1479979,start-inference-3-4,17.24761128425598,1384017,1364249,1305237,1326864,512,61,4,Mistral-7B-v0.1,4,"Imagine you are a travel guide. Can you recommend a 7-day itinerary for a trip to Japan, including must-visit destinations, cultural experiences, and local cuisine? Provide a brief description of each day's activities and how they showcase the best of Japan.",573,16,argonne-swing,40960.0,4523.6875,40960.0,5153.6875,40960.0,5153.6875,40960.0,4515.6875
1710814059.4217186,start-inference-E-0,17.450879096984863,1402376,1379212,1301152,1349038,512,74,0,Mistral-7B-v0.1,4,"As an AI language model, you have the ability to process and generate human-like text. Can you discuss the potential implications of advanced AI systems like yourself on various industries, such as healthcare, education, and creative fields? Consider the benefits, challenges, and ethical considerations surrounding the integration of AI in these sectors. Provide specific examples to support your analysis.",586,16,argonne-swing,40960.0,4523.6875,40960.0,5153.6875,40960.0,5153.6875,40960.0,4535.6875
1710814076.8909268,start-inference-3-1,17.245624780654907,1399322,1366342,1286885,1332975,512,74,1,Mistral-7B-v0.1,4,"As an AI language model, you have the ability to process and generate human-like text. Can you discuss the potential implications of advanced AI systems like yourself on various industries, such as healthcare, education, and creative fields? Consider the benefits, challenges, and ethical considerations surrounding the integration of AI in these sectors. Provide specific examples to support your analysis.",586,16,argonne-swing,40960.0,4523.6875,40960.0,5153.6875,40960.0,5153.6875,40960.0,4535.6875
1710814094.1624987,start-inference-3-2,17.456321716308594,1410896,1368893,1312480,1342739,512,74,2,Mistral-7B-v0.1,4,"As an AI language model, you have the ability to process and generate human-like text. Can you discuss the potential implications of advanced AI systems like yourself on various industries, such as healthcare, education, and creative fields? Consider the benefits, challenges, and ethical considerations surrounding the integration of AI in these sectors. Provide specific examples to support your analysis.",586,16,argonne-swing,40960.0,4523.6875,40960.0,5153.6875,40960.0,5153.6875,40960.0,4535.6875
1710814111.638644,start-inference-3-3,17.311910152435303,1397547,1369931,1299122,1340759,512,74,3,Mistral-7B-v0.1,4,"As an AI language model, you have the ability to process and generate human-like text. Can you discuss the potential implications of advanced AI systems like yourself on various industries, such as healthcare, education, and creative fields? Consider the benefits, challenges, and ethical considerations surrounding the integration of AI in these sectors. Provide specific examples to support your analysis.",586,16,argonne-swing,40960.0,4523.6875,40960.0,5153.6875,40960.0,5153.6875,40960.0,4535.6875
1710814128.9701343,start-inference-3-4,17.30302882194519,1393164,1365492,1305522,1335336,512,74,4,Mistral-7B-v0.1,4,"As an AI language model, you have the ability to process and generate human-like text. Can you discuss the potential implications of advanced AI systems like yourself on various industries, such as healthcare, education, and creative fields? Consider the benefits, challenges, and ethical considerations surrounding the integration of AI in these sectors. Provide specific examples to support your analysis.",586,16,argonne-swing,40960.0,4523.6875,40960.0,5153.6875,40960.0,5153.6875,40960.0,4535.6875
1710814180.825235,tokenizer,0.44315099716186523,24368,23001,27161,21471,512,0,0,Mistral-7B-v0.1,4,startup,0,64,argonne-swing,40960.0,4375.6875,40960.0,5005.6875,40960.0,5005.6875,40960.0,4375.6875
1710814181.268386,model load,18.90707278251648,1233035,1173603,1107817,1097514,512,0,0,Mistral-7B-v0.1,4,startup,0,64,argonne-swing,40960.0,4375.6875,40960.0,5005.6875,40960.0,5005.6875,40960.0,4375.6875
1710814200.1754587,pipeline load,0.017334938049316406,0,0,0,0,512,0,0,Mistral-7B-v0.1,4,startup,0,64,argonne-swing,40960.0,4375.6875,40960.0,5005.6875,40960.0,5005.6875,40960.0,4375.6875
1710814200.253287,start-inference-A-0,18.596002101898193,1477058,1444179,1363633,1409355,512,8,0,Mistral-7B-v0.1,4,What is the capital of France?,520,64,argonne-swing,40960.0,4521.6875,40960.0,5153.6875,40960.0,5153.6875,40960.0,4515.6875
1710814218.8737307,start-inference-3-1,17.100963830947876,1376642,1346296,1279043,1318439,512,8,1,Mistral-7B-v0.1,4,What is the capital of France?,520,64,argonne-swing,40960.0,4521.6875,40960.0,5153.6875,40960.0,5153.6875,40960.0,4515.6875
1710814235.9985702,start-inference-3-2,16.96759271621704,1372738,1342643,1275751,1314459,512,8,2,Mistral-7B-v0.1,4,What is the capital of France?,520,64,argonne-swing,40960.0,4521.6875,40960.0,5153.6875,40960.0,5153.6875,40960.0,4515.6875
1710814252.9889894,start-inference-3-3,17.136720418930054,1387113,1355425,1278824,1328803,512,8,3,Mistral-7B-v0.1,4,What is the capital of France?,520,64,argonne-swing,40960.0,4521.6875,40960.0,5153.6875,40960.0,5153.6875,40960.0,4515.6875
1710814270.1502135,start-inference-3-4,16.981597423553467,1374834,1342770,1274138,1315862,512,8,4,Mistral-7B-v0.1,4,What is the capital of France?,520,64,argonne-swing,40960.0,4521.6875,40960.0,5153.6875,40960.0,5153.6875,40960.0,4515.6875
1710814287.1492033,start-inference-B-0,17.135913133621216,1382311,1358804,1280522,1320966,512,22,0,Mistral-7B-v0.1,4,Can you explain the difference between a simile and a metaphor? Provide an example of each.,534,64,argonne-swing,40960.0,4523.6875,40960.0,5153.6875,40960.0,5153.6875,40960.0,4515.6875
1710814304.30907,start-inference-3-1,16.93191933631897,1366281,1337672,1277099,1308671,512,22,1,Mistral-7B-v0.1,4,Can you explain the difference between a simile and a metaphor? Provide an example of each.,534,64,argonne-swing,40960.0,4523.6875,40960.0,5153.6875,40960.0,5153.6875,40960.0,4515.6875
1710814321.2608316,start-inference-3-2,17.061841011047363,1381694,1351221,1273447,1323806,512,22,2,Mistral-7B-v0.1,4,Can you explain the difference between a simile and a metaphor? Provide an example of each.,534,64,argonne-swing,40960.0,4523.6875,40960.0,5153.6875,40960.0,5153.6875,40960.0,4515.6875
1710814338.3483727,start-inference-3-3,16.911405324935913,1369188,1346446,1268829,1310742,512,22,3,Mistral-7B-v0.1,4,Can you explain the difference between a simile and a metaphor? Provide an example of each.,534,64,argonne-swing,40960.0,4523.6875,40960.0,5153.6875,40960.0,5153.6875,40960.0,4515.6875
1710814355.2849307,start-inference-3-4,16.98028302192688,1368464,1345765,1277420,1309062,512,22,4,Mistral-7B-v0.1,4,Can you explain the difference between a simile and a metaphor? Provide an example of each.,534,64,argonne-swing,40960.0,4523.6875,40960.0,5153.6875,40960.0,5153.6875,40960.0,4515.6875
1710814372.2919176,start-inference-C-0,4.481600284576416,357792,356741,338877,341846,512,27,0,Mistral-7B-v0.1,4,"What are some effective strategies for managing stress and maintaining good mental health during challenging times, such as a pandemic or a personal crisis?",162,64,argonne-swing,40960.0,4523.6875,40960.0,5153.6875,40960.0,5153.6875,40960.0,4515.6875
1710814376.7978737,start-inference-3-1,16.852227926254272,1370082,1332262,1270971,1310754,512,27,1,Mistral-7B-v0.1,4,"What are some effective strategies for managing stress and maintaining good mental health during challenging times, such as a pandemic or a personal crisis?",539,64,argonne-swing,40960.0,4523.6875,40960.0,5153.6875,40960.0,5153.6875,40960.0,4515.6875
1710814393.6875424,start-inference-3-2,2.877861261367798,232028,219440,214580,221842,512,27,2,Mistral-7B-v0.1,4,"What are some effective strategies for managing stress and maintaining good mental health during challenging times, such as a pandemic or a personal crisis?",108,64,argonne-swing,40960.0,4523.6875,40960.0,5153.6875,40960.0,5153.6875,40960.0,4515.6875
1710814396.5837207,start-inference-3-3,16.869898796081543,1369711,1338430,1271348,1310944,512,27,3,Mistral-7B-v0.1,4,"What are some effective strategies for managing stress and maintaining good mental health during challenging times, such as a pandemic or a personal crisis?",539,64,argonne-swing,40960.0,4523.6875,40960.0,5153.6875,40960.0,5153.6875,40960.0,4515.6875
1710814413.4710288,start-inference-3-4,17.039325714111328,1382164,1352891,1275205,1323715,512,27,4,Mistral-7B-v0.1,4,"What are some effective strategies for managing stress and maintaining good mental health during challenging times, such as a pandemic or a personal crisis?",539,64,argonne-swing,40960.0,4523.6875,40960.0,5153.6875,40960.0,5153.6875,40960.0,4515.6875
1710814430.536143,start-inference-D-0,16.827014923095703,1361976,1332059,1272557,1306051,512,61,0,Mistral-7B-v0.1,4,"Imagine you are a travel guide. Can you recommend a 7-day itinerary for a trip to Japan, including must-visit destinations, cultural experiences, and local cuisine? Provide a brief description of each day's activities and how they showcase the best of Japan.",573,64,argonne-swing,40960.0,4523.6875,40960.0,5153.6875,40960.0,5153.6875,40960.0,4515.6875
1710814447.3804348,start-inference-3-1,17.084447383880615,1382272,1354584,1281882,1324746,512,61,1,Mistral-7B-v0.1,4,"Imagine you are a travel guide. Can you recommend a 7-day itinerary for a trip to Japan, including must-visit destinations, cultural experiences, and local cuisine? Provide a brief description of each day's activities and how they showcase the best of Japan.",573,64,argonne-swing,40960.0,4523.6875,40960.0,5153.6875,40960.0,5153.6875,40960.0,4515.6875
1710814464.4910018,start-inference-3-2,16.758888721466064,1354970,1326962,1265395,1299425,512,61,2,Mistral-7B-v0.1,4,"Imagine you are a travel guide. Can you recommend a 7-day itinerary for a trip to Japan, including must-visit destinations, cultural experiences, and local cuisine? Provide a brief description of each day's activities and how they showcase the best of Japan.",573,64,argonne-swing,40960.0,4523.6875,40960.0,5153.6875,40960.0,5153.6875,40960.0,4515.6875
1710814481.2694569,start-inference-3-3,17.083253622055054,1384735,1343837,1283173,1324002,512,61,3,Mistral-7B-v0.1,4,"Imagine you are a travel guide. Can you recommend a 7-day itinerary for a trip to Japan, including must-visit destinations, cultural experiences, and local cuisine? Provide a brief description of each day's activities and how they showcase the best of Japan.",573,64,argonne-swing,40960.0,4523.6875,40960.0,5153.6875,40960.0,5153.6875,40960.0,4515.6875
1710814498.376655,start-inference-3-4,16.914429664611816,1370973,1340507,1272008,1319304,512,61,4,Mistral-7B-v0.1,4,"Imagine you are a travel guide. Can you recommend a 7-day itinerary for a trip to Japan, including must-visit destinations, cultural experiences, and local cuisine? Provide a brief description of each day's activities and how they showcase the best of Japan.",573,64,argonne-swing,40960.0,4523.6875,40960.0,5153.6875,40960.0,5153.6875,40960.0,4515.6875
1710814515.3094702,start-inference-E-0,17.04117465019226,1375108,1353634,1278353,1318382,512,74,0,Mistral-7B-v0.1,4,"As an AI language model, you have the ability to process and generate human-like text. Can you discuss the potential implications of advanced AI systems like yourself on various industries, such as healthcare, education, and creative fields? Consider the benefits, challenges, and ethical considerations surrounding the integration of AI in these sectors. Provide specific examples to support your analysis.",586,64,argonne-swing,40960.0,4523.6875,40960.0,5153.6875,40960.0,5153.6875,40960.0,4535.6875
1710814532.399738,start-inference-3-1,16.90359091758728,1369654,1340371,1273233,1311563,512,74,1,Mistral-7B-v0.1,4,"As an AI language model, you have the ability to process and generate human-like text. Can you discuss the potential implications of advanced AI systems like yourself on various industries, such as healthcare, education, and creative fields? Consider the benefits, challenges, and ethical considerations surrounding the integration of AI in these sectors. Provide specific examples to support your analysis.",586,64,argonne-swing,40960.0,4523.6875,40960.0,5153.6875,40960.0,5153.6875,40960.0,4535.6875
1710814549.324227,start-inference-3-2,4.539838075637817,365566,357135,339247,350309,512,74,2,Mistral-7B-v0.1,4,"As an AI language model, you have the ability to process and generate human-like text. Can you discuss the potential implications of advanced AI systems like yourself on various industries, such as healthcare, education, and creative fields? Consider the benefits, challenges, and ethical considerations surrounding the integration of AI in these sectors. Provide specific examples to support your analysis.",210,64,argonne-swing,40960.0,4523.6875,40960.0,5153.6875,40960.0,5153.6875,40960.0,4535.6875
1710814553.8808832,start-inference-3-3,17.03513789176941,1383289,1348186,1287774,1326936,512,74,3,Mistral-7B-v0.1,4,"As an AI language model, you have the ability to process and generate human-like text. Can you discuss the potential implications of advanced AI systems like yourself on various industries, such as healthcare, education, and creative fields? Consider the benefits, challenges, and ethical considerations surrounding the integration of AI in these sectors. Provide specific examples to support your analysis.",586,64,argonne-swing,40960.0,4523.6875,40960.0,5153.6875,40960.0,5153.6875,40960.0,4535.6875
1710814570.9418163,start-inference-3-4,16.94012475013733,1375745,1348951,1275810,1320748,512,74,4,Mistral-7B-v0.1,4,"As an AI language model, you have the ability to process and generate human-like text. Can you discuss the potential implications of advanced AI systems like yourself on various industries, such as healthcare, education, and creative fields? Consider the benefits, challenges, and ethical considerations surrounding the integration of AI in these sectors. Provide specific examples to support your analysis.",586,64,argonne-swing,40960.0,4523.6875,40960.0,5153.6875,40960.0,5153.6875,40960.0,4535.6875
1710814624.9188762,tokenizer,0.2777392864227295,12193,17250,16311,16103,512,0,0,Mistral-7B-v0.1,4,startup,0,128,argonne-swing,40960.0,4375.6875,40960.0,5005.6875,40960.0,5005.6875,40960.0,4375.6875
1710814625.1966155,model load,23.42095923423767,1529374,1457136,1376027,1362391,512,0,0,Mistral-7B-v0.1,4,startup,0,128,argonne-swing,40960.0,4375.6875,40960.0,5005.6875,40960.0,5005.6875,40960.0,4375.6875
1710814648.6175747,pipeline load,0.014959335327148438,0,0,0,0,512,0,0,Mistral-7B-v0.1,4,startup,0,128,argonne-swing,40960.0,4375.6875,40960.0,5005.6875,40960.0,5005.6875,40960.0,4375.6875
1710814648.6965156,start-inference-A-0,19.52681875228882,1538742,1499032,1422777,1459325,512,8,0,Mistral-7B-v0.1,4,What is the capital of France?,520,128,argonne-swing,40960.0,4521.6875,40960.0,5153.6875,40960.0,5153.6875,40960.0,4515.6875
1710814668.2415066,start-inference-3-1,16.944170236587524,1373068,1341712,1274549,1313111,512,8,1,Mistral-7B-v0.1,4,What is the capital of France?,520,128,argonne-swing,40960.0,4521.6875,40960.0,5153.6875,40960.0,5153.6875,40960.0,4515.6875
1710814685.209898,start-inference-3-2,17.130678176879883,1387579,1347652,1286909,1320133,512,8,2,Mistral-7B-v0.1,4,What is the capital of France?,520,128,argonne-swing,40960.0,4521.6875,40960.0,5153.6875,40960.0,5153.6875,40960.0,4515.6875
1710814702.3644707,start-inference-3-3,16.963342666625977,1364525,1343597,1276565,1316048,512,8,3,Mistral-7B-v0.1,4,What is the capital of France?,520,128,argonne-swing,40960.0,4521.6875,40960.0,5153.6875,40960.0,5153.6875,40960.0,4515.6875
1710814719.3533368,start-inference-3-4,17.16750431060791,1378578,1355715,1279830,1326721,512,8,4,Mistral-7B-v0.1,4,What is the capital of France?,520,128,argonne-swing,40960.0,4521.6875,40960.0,5153.6875,40960.0,5153.6875,40960.0,4515.6875
1710814736.555264,start-inference-B-0,17.19542908668518,1388812,1357119,1286278,1327472,512,22,0,Mistral-7B-v0.1,4,Can you explain the difference between a simile and a metaphor? Provide an example of each.,534,128,argonne-swing,40960.0,4523.6875,40960.0,5153.6875,40960.0,5153.6875,40960.0,4515.6875
1710814753.7691116,start-inference-3-1,16.955251216888428,1375496,1337021,1278494,1310822,512,22,1,Mistral-7B-v0.1,4,Can you explain the difference between a simile and a metaphor? Provide an example of each.,534,128,argonne-swing,40960.0,4523.6875,40960.0,5153.6875,40960.0,5153.6875,40960.0,4515.6875
1710814770.7463472,start-inference-3-2,17.150342226028442,1380642,1358669,1282245,1329347,512,22,2,Mistral-7B-v0.1,4,Can you explain the difference between a simile and a metaphor? Provide an example of each.,534,128,argonne-swing,40960.0,4523.6875,40960.0,5153.6875,40960.0,5153.6875,40960.0,4515.6875
1710814787.914734,start-inference-3-3,16.9255473613739,1368134,1337699,1278628,1309726,512,22,3,Mistral-7B-v0.1,4,Can you explain the difference between a simile and a metaphor? Provide an example of each.,534,128,argonne-swing,40960.0,4523.6875,40960.0,5153.6875,40960.0,5153.6875,40960.0,4515.6875
1710814804.8598793,start-inference-3-4,17.133705377578735,1381804,1349938,1282618,1321270,512,22,4,Mistral-7B-v0.1,4,Can you explain the difference between a simile and a metaphor? Provide an example of each.,534,128,argonne-swing,40960.0,4523.6875,40960.0,5153.6875,40960.0,5153.6875,40960.0,4515.6875
1710814822.0112023,start-inference-C-0,17.08036184310913,1374660,1352537,1275891,1321282,512,27,0,Mistral-7B-v0.1,4,"What are some effective strategies for managing stress and maintaining good mental health during challenging times, such as a pandemic or a personal crisis?",539,128,argonne-swing,40960.0,4523.6875,40960.0,5153.6875,40960.0,5153.6875,40960.0,4515.6875
1710814839.1124237,start-inference-3-1,17.19180178642273,1388647,1357439,1289275,1329473,512,27,1,Mistral-7B-v0.1,4,"What are some effective strategies for managing stress and maintaining good mental health during challenging times, such as a pandemic or a personal crisis?",539,128,argonne-swing,40960.0,4523.6875,40960.0,5153.6875,40960.0,5153.6875,40960.0,4515.6875
1710814856.3281863,start-inference-3-2,16.9971764087677,1375564,1353591,1277156,1324297,512,27,2,Mistral-7B-v0.1,4,"What are some effective strategies for managing stress and maintaining good mental health during challenging times, such as a pandemic or a personal crisis?",539,128,argonne-swing,40960.0,4523.6875,40960.0,5153.6875,40960.0,5153.6875,40960.0,4515.6875
1710814873.351128,start-inference-3-3,17.121785163879395,1381471,1351287,1280996,1321129,512,27,3,Mistral-7B-v0.1,4,"What are some effective strategies for managing stress and maintaining good mental health during challenging times, such as a pandemic or a personal crisis?",539,128,argonne-swing,40960.0,4523.6875,40960.0,5153.6875,40960.0,5153.6875,40960.0,4515.6875
1710814890.5009134,start-inference-3-4,16.954078674316406,1367954,1345781,1270386,1319171,512,27,4,Mistral-7B-v0.1,4,"What are some effective strategies for managing stress and maintaining good mental health during challenging times, such as a pandemic or a personal crisis?",539,128,argonne-swing,40960.0,4523.6875,40960.0,5153.6875,40960.0,5153.6875,40960.0,4515.6875
1710814907.4797542,start-inference-D-0,17.11368751525879,1382249,1352081,1292271,1322953,512,61,0,Mistral-7B-v0.1,4,"Imagine you are a travel guide. Can you recommend a 7-day itinerary for a trip to Japan, including must-visit destinations, cultural experiences, and local cuisine? Provide a brief description of each day's activities and how they showcase the best of Japan.",573,128,argonne-swing,40960.0,4523.6875,40960.0,5153.6875,40960.0,5153.6875,40960.0,4515.6875
1710814924.6216528,start-inference-3-1,17.044903993606567,1385231,1346422,1277454,1317896,512,61,1,Mistral-7B-v0.1,4,"Imagine you are a travel guide. Can you recommend a 7-day itinerary for a trip to Japan, including must-visit destinations, cultural experiences, and local cuisine? Provide a brief description of each day's activities and how they showcase the best of Japan.",573,128,argonne-swing,40960.0,4523.6875,40960.0,5153.6875,40960.0,5153.6875,40960.0,4515.6875
1710814941.706496,start-inference-3-2,3.611908435821533,292180,285745,271064,279156,512,61,2,Mistral-7B-v0.1,4,"Imagine you are a travel guide. Can you recommend a 7-day itinerary for a trip to Japan, including must-visit destinations, cultural experiences, and local cuisine? Provide a brief description of each day's activities and how they showcase the best of Japan.",169,128,argonne-swing,40960.0,4523.6875,40960.0,5153.6875,40960.0,5153.6875,40960.0,4515.6875
1710814945.3424144,start-inference-3-3,17.134188175201416,1390896,1353339,1283665,1323846,512,61,3,Mistral-7B-v0.1,4,"Imagine you are a travel guide. Can you recommend a 7-day itinerary for a trip to Japan, including must-visit destinations, cultural experiences, and local cuisine? Provide a brief description of each day's activities and how they showcase the best of Japan.",573,128,argonne-swing,40960.0,4523.6875,40960.0,5153.6875,40960.0,5153.6875,40960.0,4515.6875
1710814962.4977026,start-inference-3-4,17.137017488479614,1382264,1358896,1291130,1329594,512,61,4,Mistral-7B-v0.1,4,"Imagine you are a travel guide. Can you recommend a 7-day itinerary for a trip to Japan, including must-visit destinations, cultural experiences, and local cuisine? Provide a brief description of each day's activities and how they showcase the best of Japan.",573,128,argonne-swing,40960.0,4523.6875,40960.0,5153.6875,40960.0,5153.6875,40960.0,4515.6875
1710814979.6598318,start-inference-E-0,16.93910026550293,1377443,1347576,1276817,1311262,512,74,0,Mistral-7B-v0.1,4,"As an AI language model, you have the ability to process and generate human-like text. Can you discuss the potential implications of advanced AI systems like yourself on various industries, such as healthcare, education, and creative fields? Consider the benefits, challenges, and ethical considerations surrounding the integration of AI in these sectors. Provide specific examples to support your analysis.",583,128,argonne-swing,40960.0,4523.6875,40960.0,5153.6875,40960.0,5153.6875,40960.0,4535.6875
1710814996.626858,start-inference-3-1,17.125688314437866,1390929,1353653,1283793,1324067,512,74,1,Mistral-7B-v0.1,4,"As an AI language model, you have the ability to process and generate human-like text. Can you discuss the potential implications of advanced AI systems like yourself on various industries, such as healthcare, education, and creative fields? Consider the benefits, challenges, and ethical considerations surrounding the integration of AI in these sectors. Provide specific examples to support your analysis.",586,128,argonne-swing,40960.0,4523.6875,40960.0,5153.6875,40960.0,5153.6875,40960.0,4535.6875
1710815013.778025,start-inference-3-2,17.082496643066406,1383100,1355233,1284982,1324837,512,74,2,Mistral-7B-v0.1,4,"As an AI language model, you have the ability to process and generate human-like text. Can you discuss the potential implications of advanced AI systems like yourself on various industries, such as healthcare, education, and creative fields? Consider the benefits, challenges, and ethical considerations surrounding the integration of AI in these sectors. Provide specific examples to support your analysis.",586,128,argonne-swing,40960.0,4523.6875,40960.0,5153.6875,40960.0,5153.6875,40960.0,4535.6875
1710815030.8825283,start-inference-3-3,17.203498363494873,1390885,1357380,1290290,1330302,512,74,3,Mistral-7B-v0.1,4,"As an AI language model, you have the ability to process and generate human-like text. Can you discuss the potential implications of advanced AI systems like yourself on various industries, such as healthcare, education, and creative fields? Consider the benefits, challenges, and ethical considerations surrounding the integration of AI in these sectors. Provide specific examples to support your analysis.",586,128,argonne-swing,40960.0,4523.6875,40960.0,5153.6875,40960.0,5153.6875,40960.0,4535.6875
1710815048.1057544,start-inference-3-4,16.993064880371094,1376949,1347897,1278538,1318591,512,74,4,Mistral-7B-v0.1,4,"As an AI language model, you have the ability to process and generate human-like text. Can you discuss the potential implications of advanced AI systems like yourself on various industries, such as healthcare, education, and creative fields? Consider the benefits, challenges, and ethical considerations surrounding the integration of AI in these sectors. Provide specific examples to support your analysis.",586,128,argonne-swing,40960.0,4523.6875,40960.0,5153.6875,40960.0,5153.6875,40960.0,4535.6875
